X,Y,Name,Station_name,Status,Opened,Closed,Site,Same_site_as,Call_Sign,Location,Accuracy_within,gx_media_links,Accuracy within,Call Sign,Same site as,Station name
519679.001137473,180077.995107013,Acton (1938),Acton,Open,1938,,"27 Gunnersbury Lane, W3 8EA",,G26,"51.5069695, -0.2769569",10m,https://lh3.googleusercontent.com/umsh/AK-S7uFNhNUd0ChDo4xfP976qcgqHIkzYeHOnzRj2oMafwvU38ilIRPotqp9tLIWBAiq6FLIf1u1bC-jpqKNFQMjIb6sIDoDGuh2neur,10m,G26,,Acton
537692.000667685,163268.002020466,Addington (1960),Addington,Open,1960,,"197-199 Lodge Lane, CR0 0QA",,H26,"51.3518137, -0.0240941",10m,https://lh3.googleusercontent.com/umsh/AK-S7uGBImDWlIsN6QzmdqAoCP0KBO6WcR58_svoYOCx8fe1jZX825yFpQOVqQgf56-2JE6prZ6bfcmuiOIT5K2OfGnz9xZmG_GUFJC9mYRJsA,10m,H26,,Addington
528032.998170938,181532.000640139,Baker Street (1865),Baker Street,Closed,<1865,1890,"33 King Street, Baker Street",,,"51.5182072111458, -0.156122780415883",100m,,100m,,,Baker Street
532588.001247465,181857.998605015,Barbican (1964),Barbican,Closed,1964,1997,"Milton Court, Moor Lane, EC2 ",,A29,"51.520087, -0.09039",50m,https://lh3.googleusercontent.com/umsh/AK-S7uE0Z8hVoUGSIeLlQigbUMjERLV3nGnHgLDrNiRJX81NHOtUgGsqRQPGJ0j_-lSUUI8Il_9PXwUKdOkWnPvlag2bBGC24LH0hhiIysY,50m,A29,,Barbican
544996.997704684,183280.99915519,Barking (1938),Barking,Open,1938,,"Alfreds Way Barking Essex, IG11 0BB",,F43,"51.5298271, 0.0889248",10m,https://lh3.googleusercontent.com/umsh/AK-S7uH2LqJKxwr6jg3Gdl5LAarzVY70OflgatNkvSw8Vq1tQMjwoUjxMPvLVa3zvyi3DSmaipsgCi5oAgk_MDLzzjlnV3DDYJNlFft9K3M,10m,F43,,Barking
526277.998158989,196272.000628496,Barnet (1905),Barnet,Closed,1905,1991,"2 Leicester Road, Barnet EN5",,A37,"51.651067134539, -0.17610602670634",10m,,10m,A37,,Barnet
525606.996053944,195839.99636563,Barnet (1991),Barnet,Open,1991,,"144 Station Road, EN5 1TE",,A37,"51.647335, -0.1859548",10m,https://lh3.googleusercontent.com/umsh/AK-S7uFvq51h2FwMUrOtOZ9ZuYhVaaCHzpr61QgedkvbHWA0eHK_V7DFDTHDo9m8y-VsRL4aZ9EPKYCTHcW0ze85DQ81CipymhzdvRoH4g,10m,A37,,Barnet
527168.999064025,176231.997342652,Battersea (1874),Battersea,Closed,1874,1936,Battersea Park Road SW (opposite Christchurch),,,"51.4707717, -0.1704763",10m,https://lh3.googleusercontent.com/umsh/AK-S7uFsCo2UjM2cFCjEAnO-1s8Lx1bOJlvk1HKPywT9hhYyj_ShpW1EP483A1NviPeos6sJmQVypDozrnJPhu5XxvZxzQy2mo4a-jqUwLAPMxz5BTw,10m,,,Battersea
527260.996818578,175825.001744392,Battersea (1937),Battersea,Open,1937,,"11 Este Road, SW11 2TL",,H27,"51.4670934, -0.1692989",10m,https://lh3.googleusercontent.com/umsh/AK-S7uGdMkFGlgyCdPLHMCiiNTbNJ0JQ5gKeD-uilnWyHI-TiQLqBWuDNYvkb7jV7dCKIoCl5zENrstXy70STIbDXpo9iwH-cs6_Os1ubJjJGQ,10m,H27,,Battersea
528531.999557252,176816.005470453,Battersea Park Road (1895),Battersea Park Road,Closed,1895,1915,32 Battersea Park Road SW,,,"51.4757124, -0.1506512",50m,,50m,,,Battersea Park Road
525783.994873899,181282.004191385,Bayswater (1904),Bayswater,Closed,1904,1935,Pickering Place W,,,"51.5164653, -0.188608",10m,https://lh3.googleusercontent.com/umsh/AK-S7uEKRDANRXVJl2NThgfMSX8aepVJR5PQBJ_v73jper2-FbMg1nze3yHaDD1fmn4awpKcEegohz8wfc3qDWDyNrLx0gpDhbw9l9CXoUmL-g,10m,,,Bayswater
537517.999815562,169569.001359372,Beckenham (1904),Beckenham,Closed,1904,1984,"6-8 Bromley Road, Beckenham, BR3 2JE",,E43,"51.4084785, -0.0241542",10m,,10m,E43,,Beckenham
536808.000251186,169499.999440895,Beckenham (1985),Beckenham,Open,1985,,"8 Beckenham Road, BR3 4LR",,E43,"51.40803, -0.0343827",10m,https://lh3.googleusercontent.com/umsh/AK-S7uExwbRRaK-ub4dynps4kKjnveAHYeKTtPqVQe4zu9t3JVWXLTD3NecNJLr6LU84Q3XLhsYJtudc0syHDvPq6zWNf7OJK7mPBv3lREXFKw,10m,E43,,Beckenham
527241.994983256,184534.003337734,Belsize (1915),Belsize,Closed,1915,2014,"36 Lancaster Grove, NW3 4PB",,A42,"51.5453642, -0.1664331",10m,https://lh3.googleusercontent.com/umsh/AK-S7uGGcc1dqPYAoLdEHrZmN3dK7uM05w3uoa8-dae9ekkp3dEjOswEHjjkg01XJ_npGznl-JTv8rAuRLEBQ76655yZZkKGtijSk809Jg,10m,A42,,Belsize
534292.998165329,182619.000724445,Bethnal Green (1866),Bethnal Green,Closed,1866,1888,283 Bethnal Green Road,,,"51.5265231750021, -0.065540891133896",250m,,250m,,,Bethnal Green
535271.996773887,182819.003729818,Bethnal Green (1889),Bethnal Green,Closed,1889,1968,"51 Roman Road, E2",,,"51.528087, -0.0513605",10m,https://lh3.googleusercontent.com/umsh/AK-S7uFbUuTMPQPBU6k1Z7287vVqE4Vv62CiAvhstlC-TabvsxdOptp48UJpG2ozuQAIngslCegHBR53vdpIw4WySDefHe26Gl_rXlUb9jzr06Qlxg,10m,,,Bethnal Green
535131.999162422,182783.005431196,Bethnal Green (1969),Bethnal Green,Open,1969,,"11 Roman Road, E2 0HU",,F26,"51.527797, -0.0533912",10m,https://lh3.googleusercontent.com/umsh/AK-S7uEFO1_IwpFj6FHwFFkuoAKSyZ_sZNjTzWroPErWqkdTx_KBN4dsZqhjJ1PTSHmaKtPB8w3NUgWH0ewCty3bHSQnv7l5fuQ4k1GuPuVmcsMYBqAkr4XddsE,10m,F26,,Bethnal Green
549704.994746703,175770.003047379,Bexley (1969),Bexley,Open,1969,,"172 Erith Road, Bexleyheath, DA7 6BY",,E28,"51.4611125, 0.1535622",10m,https://lh3.googleusercontent.com/umsh/AK-S7uFzNu_4-7lnUWRrcUXB02HlEsgQLNNHTANSOwxpw2MIxvPgoNDc23y2SEp54oJHQCm7RZ45wpYy3I1JdaVMkRxbm9vlgzbIt0gAPA,10m,E28,,Bexley
547779.998156967,175676.000970959,Bexleyheath (1941),Bexleyheath,Closed,1941,1969,"5 Brampton Road, Bexleyheath",,,"51.4607732781317, 0.125833905175618",10m,,10m,,,Bexleyheath
541861.999457134,159133.004205726,Biggin Hill (1939),Biggin Hill,Open,1939,,"2 Kingsmead, TN16 3UB",,E42,"51.3136316, 0.0341029",10m,https://lh3.googleusercontent.com/umsh/AK-S7uHN1d3tp6HQas--n_KdJ4-TqAdSPCqhg8HQERU0xQZWYLvEld8A2NT46yot-YFp_yMlpTwKEEuACuuNWi5blSVytLL1PBj5bWx0hGBfuxg,10m,E42,,Biggin Hill
533289.406661258,181559.394179171,Bishopsgate (1865),Bishopsgate,Closed,<1865,1884,"23 Bishopsgate Street, Without EC",,,"51.5172387, -0.0803995",10m,,10m,,,Bishopsgate
533286.393803188,181560.706138673,Bishopsgate (1885),Bishopsgate,Closed,1885,1964,162 Bishopsgate EC2,Bishopsgate (1865),,"51.5172512, -0.0804424",10m,https://lh3.googleusercontent.com/umsh/AK-S7uE30CnQsQuO9q1RucMDnvxLAOvA5Y2DiT3hVlwgQKm0xhOMnjEuchT2dvHkuwoDAWt4uZMlrXpQaB-FsodRgM4SV39eAlfeSBw-p-k2-nuR,10m,,Bishopsgate (1865),Bishopsgate
539540.999148582,176152.00134607,Blackheath (1872),Blackheath,Closed,1872,1909,Tranquil Vale nr All Staints Church,,,"51.4671399, 0.0075056",10m,https://lh3.googleusercontent.com/umsh/AK-S7uGM3wXdQoEK8rD7wW7rIEEpksonqRDQaT6L2zqeC48O68RWiugnBabMlzrxfOiqUu6xTSCnbVfE-sPxyspxUT79_K9Fz-sacZHzN2w2BdQ,10m,,,Blackheath
537518.998162259,182848.000775248,Bow (1866),Bow,Closed,1866,1910,"12 Glebe Road, High Street E",,,"51.5278053203921, -0.018977878229001",10m,,10m,,,Bow
536991.375426489,183517.25268475,Bow (1911),Bow,Closed,1911,1973,"64 Parnell Road, E3 2RU",,,"51.5339474, -0.0263189",10m,,10m,,,Bow
536989.996572217,183519.997568744,Bow (1974),Bow,Closed,1974,2014,"64 Parnell Road, E3 2RU",Bow (1911),F27,"51.5339724, -0.0263377",10m,https://lh3.googleusercontent.com/umsh/AK-S7uE3DQBVkYuf5VjoeBXSzhrh9epfMdlskJSY6udHvl-o-OMSgEeSBKHGg-sH597Jz6Ya71z-CTsOfHhexBS-WGeiWgij_YEu,10m,F27,Bow (1911),Bow
530976.99817415,175588.000673426,Brixton (1867),Brixton,Closed,1867,1905,10 Shepherds Lane/Ferndale Road,,,"51.4641165180926, -0.115920480428568",10m,,10m,,,Brixton
531421.997882694,175558.005223809,Brixton (1906),Brixton,Open,1906,,"84 Gresham Road Brixton, SW9 7NP",,H24,"51.4637439, -0.1095294",10m,https://lh3.googleusercontent.com/umsh/AK-S7uEaJXw83PIhhyPa8An_cqzVYr67Os8p-bHRyXDmSDqGU2-MkVX6FkPngprqX1PQHXb6lNtgRDeI4APg8Z0jqRe2g-nM5CraAKlSRg,10m,H24,,Brixton
540391.997055902,169485.001402299,Bromley (1908),Bromley,Open,1908,,"4 South Street Bromley Kent, BR1 1RH",,E39,"51.4070201, 0.0171077",10m,https://lh3.googleusercontent.com/umsh/AK-S7uGPy9El_Lq8N0CQAkxfBn_eiXJXHaF4SVLE4dxMh24cL35b1ZoNR695FCCBIrvEDbG8_unJd540Dmtr_AeySErLhWsMS-9rfCHh3g,10m,E39,,Bromley
526841.368666761,178309.818549966,Brompton (1867),Brompton,Closed,1867,1892,"South Parade, Trafalgar Square SW",,,"51.4895184, -0.1744453",10m,,10m,,,Brompton
526843.38656574,178307.454247216,Brompton (1893),Brompton,Closed,1893,1964,"South Parade, Trafalgar Square SW",Brompton (1867),,"51.4894967, -0.1744171",10m,https://lh3.googleusercontent.com/umsh/AK-S7uFuc6sfiKGnjTdFVeKNuGWeX2LoZitvuJgMh8qRwt9aCKxCgXa7xC1_gCzFh7jD8bcCXMzpl8qyTmmbXnpmjUVlKC6lRxlPi4IVMhN3,10m,,Brompton (1867),Brompton
538176.998162423,181958.000785607,Brunswick Road (1910),Brunswick Road,Closed,1910,1970,"246 Brunswick Road, Poplar",,,"51.51964730145, -0.00984731451402755",10m,,10m,,,Brunswick Road
536696.998163822,181948.000761171,Burdett Road (1904),Burdett Road,Closed,1904,1967,"141 Burdett Road, Poplar",,,"51.5199172212043, -0.0311688160583042",100m,,100m,,,Burdett Road
530573.995916054,183695.002865622,Caledonian Road (1909),Caledonian Road,Closed,1909,1920,158 & 164 Copenhagen Street N,,,"51.5370641, -0.1187207",250m,https://lh3.googleusercontent.com/umsh/AK-S7uE7F6xx2Mz3OgDyNAQo3DZfjPYYVPiM-Ex24KBjzONvObPM-1bzUtVzjAUZSMA15BvzjTJYKm05edIV5GmAPuhNQHYTUgCuYSuCBjGqTvizib6X,250m,,,Caledonian Road
529432.713604138,183934.526423819,Camden town (1868),Camden town,Closed,1868,1884,54 Kings Road j/o Pratt Street,,,"51.5394792, -0.1350788",10m,,10m,,,Camden town
529423.589722213,183926.860584633,Camden town (1885),Camden town,Closed,1885,1967,"Pratt Street, Camden Town",Camden Town (1868),,"51.5394124, -0.1352131",10m,https://lh3.googleusercontent.com/umsh/AK-S7uHuqXNt15NaNcHnDgyNpklflLA0MR9CXH7Opg9dAP6K2zgOMq_6WRzAJ5O4NuLDhMOH1cv4Nkcez5YPySTnzphGev6Ld0b_NpR7,10m,,Camden Town (1868),Camden town
532309.996639509,181000.004939507,Cannon Street (1906),Cannon Street,Closed,1906,1976,30-32 Cannon Street EC4,,,"51.5124418, -0.0947163",10m,https://lh3.googleusercontent.com/umsh/AK-S7uFZhZfMgYangAu3ej9-kF7P71FwwXY0-nC0x1TLKcXoEChvJbLFgkn3QrcbOWcFFJXk3DiCDbZZIUSmcFSDo6KEgZy4qw-7oMk60uK8d1eeGuU,10m,,,Cannon Street
530139.998170298,180629.000665706,Chandos Street (1865),Chandos Street,Closed,<1865,1884,"44 Chandos Street, Covent Garden",,,"51.5096112529132, -0.126106119321613",10m,,10m,,,Chandos Street
540767.994678428,177570.004044696,Charlton (1909),Charlton,Closed,1909,1920,Charlton Road SE,,,"51.4795783, 0.0257226",50m,https://lh3.googleusercontent.com/umsh/AK-S7uGRyN3Ukj-tKfK7cQ6YPIBPZuoHRh6wHiyFHBPNZ8Do2BprG_bEF_Ftuc8sJcFT9WPF1lqsHDuAtzflvyeJQ2pcWdpHDwyWmMgt-M2l,50m,,,Charlton
527921.000651632,178708.9999955,Chelsea (1881),Chelsea,Closed,1881,1914,216 Pavillion Road SW,,,"51.4928628, -0.158759",10m,https://lh3.googleusercontent.com/umsh/AK-S7uEKK4ampS7pps1QUVFbF2V5U2h2lk4xhzYHl9Gu8qI_phs6h5JzXNvGE5NsXBc0vHJxDvAWcLg9l4wgVs1_vXnNEuamVT_6US_tHMGW-4x2,10m,,,Chelsea
527143.996705585,178055.003040742,Chelsea (1964),Chelsea,Open,1964,,"264 Kings Road, SW3 5UF",,G34,"51.4871605, -0.1701805",10m,https://lh3.googleusercontent.com/umsh/AK-S7uFYq4FvVSwCs6MWmGbzRglie8fsm1ykAslt2IrrGDtdgENoKB8QmgXY598oIw4QpjDeNHwTKjnpdGfcStVnI1RHyu7pJ7J9yEnq14I,10m,G34,,Chelsea
538194.001295017,194197.996506159,Chingford (1957),Chingford,Open,1957,,"34 The Ridgeway, E4 6PP",,F34,"51.6296306, -0.0047915",10m,https://lh3.googleusercontent.com/umsh/AK-S7uHhxmPV-eNXjI_AKGW45vv9mou0qGnm_gVXfzLUjWnbJvJbSo-gyHxfW-tRZruwfqiKqg3Sj6q9mrU1SDcN3oepsfxkOxZEsg1qFsO_JA,10m,F34,,Chingford
520279.99727934,178266.002223991,Chiswick (1964),Chiswick,Open,1964,,"2-4 Heathfield Gardens, W4 4JY",,G37,"51.490557, -0.2689186",10m,https://lh3.googleusercontent.com/umsh/AK-S7uHgXrTT-rGDHdDWEn6BV3vE0bykTqW5o-QX9BN1CJwJJncLULMzNsI_9jo-2vB8BszcFy4Tq27guzV5KmaAr_IdlKlBeR2PnaYwc7E,10m,G37,,Chiswick
529216.998175539,175427.000650838,Clapham (1868),Clapham,Closed,1868,1902,"Nr Trinity Church, Clapham Common",,,"51.4630738315673, -0.141300800486072",10m,,10m,,,Clapham
529234.476339142,175627.823924947,Clapham (1903),Clapham,Closed,1903,1962,Old Town SW (corner of Grafton Square),,,"51.4648746, -0.140976",10m,,10m,,,Clapham
529233.995113807,175631.995631627,Clapham (1963),Clapham,Open,1963,,"29 Old Town, SW4 0JT",Clapham (1903),H21,"51.4649122, -0.1409814",10m,https://lh3.googleusercontent.com/umsh/AK-S7uHZhYLt6cwQLHhhR3X2nPJ_1W8xlk4HzIwT7vrL2PxhFTfANCO4lhg3M1HV5x2yGzX2H-FvenkZxklrpe1eqD-dV0Ah1gNZoPsIodw,10m,H21,Clapham (1903),Clapham
531178.996331603,182319.001618461,Clerkenwell (1872),Clerkenwell,Closed,1872,2014,"42-44 Rosebery Avenue, EC1R 4RN",,A27,"51.5245585, -0.1105147",10m,https://lh3.googleusercontent.com/umsh/AK-S7uFRG97HL5lrNdj6SI8geE9xrg55qXDM81vMjqNr7r_rHwVZxkFS8QlkUQqCH3qEeaZkcpwdQBxmbTpJPeM7vVW6eRWdsWH5H7cRmE8vQqCY,10m,A27,,Clerkenwell
532171.998161463,188896.000698182,Coombes Croft (1903),Coombes Croft,Closed,1903,1965,"Conway Road, N15",,,"51.5834307844534, -0.0937401493332122",10m,,10m,,,Coombes Croft
529815.998169982,181245.000661957,Crown Street (1865),Crown Street,Closed,<1865,1867,"George Yard, Crown Street, Soho/St Giles",,,"51.5152214916413, -0.130545590597017",50m,,50m,,,Crown Street
532005.995819971,165011.99579681,Croydon (1961),Croydon,Open,1961,,"90 Old Town, CR0 1AR",,H31,"51.3688347, -0.1050509",10m,https://lh3.googleusercontent.com/umsh/AK-S7uGz4FdKxlTFxNpJMC3ic9ammwm2yQ_gWB-Eoa9Ah7p3iss08uDoADnZ3osU0i6jfOY1RQVmqdQAxa1mJCqL_zXaRrLhDOgLj5tg84g,10m,H31,,Croydon
549612.121201414,186701.368986077,Dagenham (1938),Dagenham,Closed,1938,2015,"70 Rainham Road North, RM10 7ES",,F41,"51.5593563, 0.1568608",10m,https://lh3.googleusercontent.com/umsh/AK-S7uGXc8CyuKPQhEqnig1xa3y1CLdZBkF7iIjac8CyXJHaDqfLYtf6vx-5PoVntTPPCAmBfIKkJbpNYvGBvW5xOb3LVsvwfca0aWTWlj2OxI5M5A,10m,F41,,Dagenham
549609.997082842,186703.999714099,Dagenham (2016),Dagenham,Open,2016,,"70 Rainham Road North, RM10 7ES",Dagenham (1938),F41,"51.5593805, 0.1568313",10m,https://lh3.googleusercontent.com/umsh/AK-S7uFAKKCk7UH4yqN85uiQ3rvnZvy7_amnSdkQnVe9NNRf7JLqTzsCBZ7bQlvhnjEiRrmRJ6IYo1VVuQ7j49GGMNgepcq3xO_5MDE9YqvEDuHAqg,10m,F41,Dagenham (1938),Dagenham
536614.46996681,178049.552883033,Deptford (1872),Deptford,Closed,1872,1899,186 Evelyn Street,,,"51.4849051, -0.033866",10m,,10m,,,Deptford
536611.996671258,178047.995281936,Deptford (1900),Deptford,Open,1900,,"186 Evelyn Street, SE8 5DB",Deptford (1872),E36,"51.4848917, -0.0339022",10m,https://lh3.googleusercontent.com/umsh/AK-S7uE0kD9ky1vd0YNEOFJ0DOzbkaaR9OIin4Wp4vSd_q2KREGGZIBAHNoAVKDGLrSp4OgHUfvJ4Dd8wot3WZR09viwNlR3-lUUqLjmBhH3,10m,E36,Deptford (1872),Deptford
534000.999313026,179740.000304162,Dockhead (1928),Dockhead,Closed,1928,2015,"8 Wolseley Street, SE1 2BP",,E34,"51.5007208, -0.0708409",10m,https://lh3.googleusercontent.com/umsh/AK-S7uGn4_-9uCG_pSCzR_YuBiPIoXcTlk7XCt6dmY_HgrY0WCOCcO9ozWr6GEdgMxqFZOdkhZOh3bHyyemx9c3PO1QiQcOc-_vRSxARyAfI,10m,E34,,Dockhead
533999.386620284,179729.775703312,Dockhead  (2016),Dockhead,Open,2016,,"8 Wolseley Street, SE1 2BP",Dockhead (1928),E34,"51.5006293, -0.070868",10m,https://lh3.googleusercontent.com/umsh/AK-S7uGXWKjiQqhW9bzdB33bMUl-pQUiSGXpGtoH3JRykaWQ9BSmKLaVpD7Cw0ORH8gH7hoBAuJH4x0teFzqmobGf-x8gdE5Q5G2B28t3HOjGvk,10m,E34,Dockhead (1928),Dockhead
532630.000633536,180736.002821035,Dowgate (1976),Dowgate,Open,1976,,"94-95 Upper Thames Street, EC4R 3UE",,A28,"51.5099944, -0.0902068",10m,https://lh3.googleusercontent.com/umsh/AK-S7uE0mpaG_ZXZXnyjFHJzgUsK2AB0g-PiOYgIMbB4IV07ty36XyjjWE3mZuYiaABo46YKjRujZMGeUdR4ltRF4BGAm0i7eg5iZ4ATy6M,10m,A28,,Dowgate
540002.998168998,172503.000810216,Downham (1932),Downham,Closed,1932,1993,"260 Reigate Road, BR1 5JN",,E32,"51.43423603421, 0.0127096799935085",10m,,10m,E32,,Downham
540005.847693205,172504.655525881,Downham (1994),Downham,Closed,1994,2014,"260 Reigate Road, BR1 5JN",Downham (1932),E32,"51.4342502, 0.0127513",10m,https://lh3.googleusercontent.com/umsh/AK-S7uEuMYa6guITwB0nUfPcttiaZFDCLjRCLxQ0im2OJtOZk33jx1YieVbbBpMV_jPzF14k0ffrRAsYm8WDSU9SAwn2vTHKRkFU5TwkFbk,10m,E32,Downham (1932),Downham
534104.994784649,173598.003554082,Dulwich (1893),Dulwich,Closed,1893,1947,Lordship Lane SE,,,"51.4455017, -0.0716725",10m,https://lh3.googleusercontent.com/umsh/AK-S7uHEcwHU384rPBnCUQ1DMCylKXEemFmNiJLvq-lpQvI-A6WxGYpXGmzgPsa2D6Ojrvju-d4q1PMk-l18uLmgKMq9uNC2nw5uc_ttdeM,10m,,,Dulwich
517100.000757098,180585.000592058,Ealing (1933),Ealing,Open,1933,,"60-64 Uxbridge Road, W13 8RA",,G25,"51.512066, -0.3139316",10m,https://lh3.googleusercontent.com/umsh/AK-S7uHAvUatgL1M6OUHfPhmNyRY2pIC5Ss0azWB7QSB0_niD9A0Mphy79FlS1tN7bmGRN9yjB6EBUMa5z_J6S5Zyh3cuWXDAOj-P0T_oA,10m,G25,,Ealing
540133.000359101,178345.002951543,East Greenwich (1901),East Greenwich,Closed,1901,1984,"2 Tunnel Avenue, Woolwich Road, East Greenwich, SE10",,E23,"51.4866999, 0.0168918",10m,https://lh3.googleusercontent.com/umsh/AK-S7uFoOygO0sME5Rm6UWn36gzPtpD8S2qeKvkCM8S5bJidDthA2ejnsPygmB2hhZor7n-7ywAywfo15_DhDyxm8DSJKjyLSg8v6aiHYxF03v91IVX2HoerPQ,10m,E23,,East Greenwich
540497.997518737,178387.000121588,East Greenwich (1985),East Greenwich,Open,1985,,"325 Woolwich Road London, SE7 7RF",,E23,"51.4869868, 0.0221619",10m,https://lh3.googleusercontent.com/umsh/AK-S7uG0wygZ_SbQfqP8gmH-7Llt9WXT9VMfBQHfHUTPz4hcVycu5LTvYsJDtfroBcjGXXs5MzlT-DZOKOUgm3j9ba8vxAD-WGUQODzXRCkOy8cmgmhX,10m,E23,,East Greenwich
542798.997804232,182496.005161301,East Ham (1960),East Ham,Open,1960,,"210 High Street South, E6 3RS",,F44,"51.5233331, 0.056942",10m,https://lh3.googleusercontent.com/umsh/AK-S7uFhpT28XsqtM2uGzGqoQCmj2QWkA6kwkO2Cl2qVAac6CzUfMNnoUQ2Q_7s-RBOKmez12eCZSez2XvmeuNAKdieHv62j1KOgxUYfbnY,10m,F44,,East Ham
526647.997007062,182177.004400388,Edgware Road (1899),Edgware Road,Closed,1899,1969,494 Edgware Road,,,"51.5243157, -0.1758415",10m,https://lh3.googleusercontent.com/umsh/AK-S7uEG10boGQ5iDkeGWNHqEZ-K3Tc1h5ZobPWaDpQDAPHJPruLlvVlKyLGmUBH3kku-5jYVvYN9_EDNCGZiz7sHiJTRPG5MV0qkklYff2GrqzH4g,10m,,,Edgware Road
533752.995605186,193813.995554686,Edmonton (1941),Edmonton,Open,1941,,"99 Church Street, N9 9AA",,A34,"51.6272522, -0.0690611",10m,https://lh3.googleusercontent.com/umsh/AK-S7uFU71XOdSykL0IlbCvArnkWEY3Ddcpb9noFxf8ohp0f2OvDk6e1saMGej14FpfYF9X5SjTVGnxXq9P4pq5eoawczL9vHlyHrLI2a7iS,10m,A34,,Edmonton
543203.998505951,174417.997434387,Eltham (1904),Eltham,Open,1904,,"266 Eltham High Street, SE9 1BA",,E30,"51.4506444, 0.0595021",10m,https://lh3.googleusercontent.com/umsh/AK-S7uHdY3JU1XGBunBQ7yNYWMMlNm4WUXS6s7a_e2zLoT1AcVLnApUMMuiDTQLBgydtw4YaEe9XhUFibWA0jiZl07Wkw79QSjLymkcZ6g,10m,E30,,Eltham
534835.997822293,197513.001293743,Enfield (1966),Enfield,Open,1966,,"93 Carterhatch Lane, EN1 4LA",,A35,"51.6602334, -0.0520004",10m,https://lh3.googleusercontent.com/umsh/AK-S7uFuPHaAwJBw4h8byiP8lGNPdC-LutpLNqbRU44XgtHE37FIs8rbp3seuozFd7g5-eLLVkSf4uE0eVv40cy8HDERRrJHMa31KtgBSm4,10m,A35,,Enfield
549827.996658163,178494.00404128,Erith (1961),Erith,Open,1961,,"52 Erith Road, Belvedere Kent, DA17 6HR",,E27,"51.4855555, 0.1564855",10m,https://lh3.googleusercontent.com/umsh/AK-S7uG0jlYN5st89HOZ4AFjc2-MY7S73uiJ1vGzAXMLo5qjwbi3jRDj8oMmRMlxCZa-12k5Zzs3gHXcqnnHNiSZIYRmiTR1s22RRP9f,10m,E27,,Erith
529773.996408722,182631.99997595,Euston (1902),Euston,Open,1902,,"172 Euston Road, NW1 2DH",,A23,"51.5276956, -0.1306402",10m,https://lh3.googleusercontent.com/umsh/AK-S7uFOSAW661Lhr0dLjO7c2oQAkpkv213tS6Qd2hDIKFlT2UlrPbQs2hXiwM1pljK5hDZZqU2CbeFC2WWXM5wg57DbQHtzgAHvnPYF8Q https://lh3.googleusercontent.com/umsh/AK-S7uHsjpq0Etl3YUoZ9QEd-xtdHR41vPTq-T99BwUMCDlR9rKOYjIPgB6ydp47IYG8XD-EWhzx2pWBI81XhjbleZdd3H0yu7KN-YRG5b1PQA,10m,A23,,Euston
531614.99816865,181271.00068557,Farringdon Street (1865),Farringdon Street,Closed,<1865,1873,27 ½ Farringdon Street,,,"51.5150392838027, -0.104624702800939",10m,,10m,,,Farringdon Street
510289.997910437,174707.998736001,Feltham (1961),Feltham,Open,1961,,"101 Faggs Road, TW14 0LH",,G39,"51.4606123, -0.4138588",10m,https://lh3.googleusercontent.com/umsh/AK-S7uFGlRz6VODcU7mLskjorw6CffxnYAQyOaPL1r92ESPJybB7xMy-z2ctQ8nlfNp6WxYs5FXGexHD6B4PR-eNHNGpIlE-omLfE79yW5A,10m,G39,,Feltham
526201.001415013,190362.004044047,Finchley (1935),Finchley,Open,1935,,"227 Long Lane, N3 2RP",,A39,"51.5979729, -0.1793457",10m,https://lh3.googleusercontent.com/umsh/AK-S7uH8KKTrymQSA47eejb8i4xYlsXSQK5ciCvnmlTfP1AEFrinFzrrQZZu0Lw72ZCx3F_Ur_lLhGtMvqe5N87nCY-j6xQKtGTFkqez8nVL,10m,A39,,Finchley
535960.999528402,173319.003170563,Forest Hill (1971),Forest Hill,Open,1971,,"155 Stanstead Road, SE23 1HP",,E31,"51.4425524, -0.045089",10m,https://lh3.googleusercontent.com/umsh/AK-S7uEZGHne2Tla2Y0Lf1l9HQc4ZXP7xLdbhr1EZ3DUoI-e1I66aKKMnm_E_f3lTHUf4l3dEdpg1VzZrPLdk-XPmZESYaE6odR0CNgJiXGnXN43,10m,E31,,Forest Hill
531486.000997815,177285.003813791,Foxley Road (1910),Foxley Road,Closed,1910,1920,30 Foxley Road,,,"51.4792489, -0.1079666",250m,https://lh3.googleusercontent.com/umsh/AK-S7uHZSpPiLtgFMh6PWdRbNIj6sjNUVk1GZzRLwFMj9LiX5ODrLSFowYYlDyhpH0UAldgKilbbKN6DL_jiayckQCbnwDg3cGd5lhCpq7AqUtmK,250m,,,Foxley Road
525034.734248947,176975.433516068,Fulham (1868),Fulham,Closed,1868,1894,"685 Fulham Road, SW6 5UJ",,,"51.4779282, -0.2009251",10m,,10m,,,Fulham
525032.997665868,176973.99995935,Fulham (1895),Fulham,Open,1895,,"685 Fulham Road, SW6 5UJ",Fulham (1868),G35,"51.4779157, -0.2009506",10m,https://lh3.googleusercontent.com/umsh/AK-S7uFcfyNfvcSkJKDEs9_H1KUIdLOotRQFCiFZImniiXISD9SqX450vVSAywOr_IaUF-s03JxpjW_ixo4JanG_2p2jAkh5MRsNFwlSRFpZ,10m,G35,Fulham (1868),Fulham
529300.999391905,181150.006199774,Great Marlborough Street (1887),Great Marlborough Street,Closed,1887,1922,53 Great Marlborough Street W,,,"51.5144858, -0.1379981",10m,https://lh3.googleusercontent.com/umsh/AK-S7uHoH0A7xfKtB_G86iTC1gxpRoLbRrt0vO5sD15yX5ZMkA2uJ1tk1V5jPlHu0cYaUcfNKDgsFP22MWbwLpiR4mM_Y-bmVAu2ZxjaGuTrbkPm0A4aCvfzlV8G,10m,,,Great Marlborough Street
538148.995650091,176959.001615812,Greenwich (1866),Greenwich,Closed,1866,1880,35 Blisset Street,,,"51.4747329, -0.0122061",250m,,250m,,,Greenwich
538040.997407239,176829.998186413,Greenwich (1881),Greenwich,Closed,1881,1959,"Lindsell Street, South Street SE",,,"51.4736, -0.0138105",10m,https://lh3.googleusercontent.com/umsh/AK-S7uHPOqYuJWsSpthXbXHZ1E-6KlDswLBrnuRmdju7ow3v56U1sXcKdmwUiOu9fdyPw4ALgZivR4iYRkKj-vlcSgHbC_YO-gIPRtw-ybPx,10m,,,Greenwich
538050.995361266,176877.998694511,Greenwich (1960),Greenwich,Open,1960,,"4 Blissett Street, SE10 8UP",,E22,"51.4740289, -0.0136479",10m,https://lh3.googleusercontent.com/umsh/AK-S7uFIr2HFjdIiZKR8BGuapo7juIErygKmI7bQQASO4b6-XNpG2_pNqZA0PIwIkFl77DXMrbY6aL0n1hvWKcy9VPWxuGvBjjq8b863s2zVlw,10m,E22,,Greenwich
534554.99769446,185232.996978672,Hackney (1869),Hackney,Closed,1869,1913,"Amhurst Rd, at the back of the Congregational Church",,,"51.5499509, -0.0607682",10m,https://lh3.googleusercontent.com/umsh/AK-S7uGr2J56Xm8jW0lJJam3QJyZT_yDZgP5TK4Q-G27upIOaIdIEZUQJvEg2ss_D7NSWyyTLj1ELA2AEnWP001IGV1r3G4yqqJgkvWcb6Ij,10m,,,Hackney
534557.782103017,185233.170955185,Hackney (1914),Hackney,Closed,1914,1920,"2A Bodney Road, Amhurst Road E",Hackney (1869),,"51.5499518, -0.060728",10m,,10m,,Hackney (1869),Hackney
545819.998897713,191811.00336453,Hainault (1952),Hainault,Open,1952,,"368-388 New North Road, IG6 3DY",,F37,"51.60626, 0.1043173",10m,https://lh3.googleusercontent.com/umsh/AK-S7uGmoVkcPT5r_KNI8xvPHOvDWPQfM8n14smCh6Mjx65iLNKApx0w2WccvsuyAkgAu9n3O5e4y286B8nvcJ8WhMdM_4-WRofrjpxu_wSV,10m,F37,,Hainault
523376.97558438,178706.987980335,Hammersmith (1876),Hammersmith,Closed,1876,1913,1-3 Brook Green Road W,,,"51.4938536, -0.2241795",10m,https://lh3.googleusercontent.com/umsh/AK-S7uFyI0ZyWo7pgZeia9eWh9cWUeWBIuYdsOoi2w2PV2TznfOGLuYQcXwDfcMGy91Tbopxyk9TNCWMOxsPCWrcavIPYZ2Vy22W3h4JdoUCC21X,10m,,,Hammersmith
523373.998176214,178707.000587202,Hammersmith (1914),Hammersmith,Closed,1914,2002,"244 Shepherds Bush Road, W6",Hammersmith (1876),G36,"51.4938543623978, -0.224222362217091",10m,,10m,G36,Hammersmith (1876),Hammersmith
523369.998225264,178974.000207393,Hammersmith (2003),Hammersmith,Open,2003,,"190-192 Shepherds Bush Road, W6 7NL",,G36,"51.4962548, -0.2241867",10m,https://lh3.googleusercontent.com/umsh/AK-S7uG2xwZtxmyBxfzBU6jFjmT6c3_urUBHBs35khJ9G3unEuMzNTlHw5SDOLIELOsIB-XX9kEoRSgDKG2qKJOaEqcXn11mE7ShuiM6qcIKYsAFFP8,10m,G36,,Hammersmith
526360.001335945,185786.002133725,Hampstead (1873),Hampstead,Closed,1873,1920,"49 Heath Street, corner of High Street NW",,,"51.5568137, -0.1786961",10m,https://lh3.googleusercontent.com/umsh/AK-S7uHwWL9CDA1gsyiG0ruMqDtLRz1qeQ5y1ycSVuLSyGbkv4hr2qdh5-4QQ6XNurL1-OrA2Pj0JImpEfS7s9xcqOeUQg_iPIWuXJWPZ2kq4Q,10m,,,Hampstead
554100.997384358,191178.002325069,Harold Hill (2010),Harold Hill,Open,2010,,"Units 7-9 Falcon Business Centre, Ashton Road, Romford, RM3 8UR",,F57,"51.5983695, 0.2235268",10m,https://lh3.googleusercontent.com/umsh/AK-S7uH8hlwbyf9yowd4ALsrNbkUk_cYyJUkpe4hRYtem0u4Cal0zchcdCWURjfZhr-WRJYFCdAEYhhbhyq-xoWWFGazohnfdydiA0u83xUvLAwR,10m,F57,,Harold Hill
513274.994905647,189256.997368875,Harrow (1937),Harrow,Open,1937,,"500 Pinner Road, HA5 5RW",,G21,"51.5907866, -0.3662373",10m,https://lh3.googleusercontent.com/umsh/AK-S7uH3CEYY0FWsPFBlvT7j-_gJXVGYxZiGmkScaufWH0N80Yyjoxp2Y_XXnATFXnJ-oRruza2uPHYsQF0li_Uk2f2Lq0CyR9PaQTxZEw,10m,G21,,Harrow
508968.995027487,178443.995206136,Hayes (1962),Hayes,Open,1962,,"65 Shepiston Lane, UB3 1LL",,G40,"51.4944475, -0.4317146",10m,https://lh3.googleusercontent.com/umsh/AK-S7uGhnpeqNgmz-CyzepfeM66nhrhNpsXUR5jVKxo1R50agy_MhAVCpEMbQXqBF9_z-xQyWCpwMmDt8HWqT3bmVTfSw2jFZDsK6eK8,10m,G40,,Hayes
507112.996076003,176815.998557052,Heathrow (1997),Heathrow,Open,1997,,"Building 450, Heathrow Airport Northern Perimeter Road, TW6 2RR",,G56,"51.480169, -0.4589328",10m,https://lh3.googleusercontent.com/umsh/AK-S7uFuxmD4ogZ6H4TT9h_gkjFkF6oq7i8KZL25KSVCZ622XW09cDxg_BKyUXyYXOBVBKQG_XEoyoTHpT826uX5tlYgxWyE8eY9M4KN02k,10m,G56,,Heathrow
522811.000148591,189269.004852911,Hendon (1914),Hendon,Open,1914,,"91 The Burroughs, Hendon, NW4 4BL",,A40,"51.5888987, -0.2286461",10m,https://lh3.googleusercontent.com/umsh/AK-S7uHeHmtvEy-5ESaare6YeyG2MCJGvLH93xhHUqK-zeuuHCbtOM3MLXfG7K6O3RYo2Sc-7Hu5CzIizKovhjV0Iz5a3cynR0GsZANJ2g,10m,A40,,Hendon
532026.997492939,174414.998819799,Herne Hill (1906),Herne Hill,Closed,1906,1920,Herne Hill SE (near Half Moon Lane),,,"51.4533315, -0.1012517",10m,https://lh3.googleusercontent.com/umsh/AK-S7uGa1ikQBjqUdeRnIjL_8wx0a_HWUhh2YMYR9ijdFTzwV8haQrYm6BydANehtu7PTMlnspgZhRH_W6zskHNzjrdoTPsuWOAzPb7KGxLT0A,10m,,,Herne Hill
515159.999069941,176417.003786687,Heston (1936),Heston,Open,1936,,"520 London Road Isleworth Middlesex, TW7 4HR",,G38,"51.4750036, -0.3432338",10m,https://lh3.googleusercontent.com/umsh/AK-S7uHVYLiEPRJwUMdrSf-_rA9V56GZHGJ9E33_j391clLpSDhu9g6_f80AT9UWNk1YKg61tKNkdRB-U5R54RyTNRLIe2CIZn3YvwwSzA,10m,G38,,Heston
531915.000161477,186206.997956362,Highbury (1903),Highbury,Closed,1903,1920,215 Blackstock Road N,,,"51.5593265, -0.0984559",10m,https://lh3.googleusercontent.com/umsh/AK-S7uGG4CnOGUNvVDmHAXltKNEvaz67dvQWzuJqfosk-CcVIxoiNvdu8GJ0HLUOFYtneYO8ug6FNlsVrMS5F4FGFXZvfgoTK6RmYtLKyaY,10m,,,Highbury
528951.998166962,185332.000653648,Highgate (1867),Highgate,Closed,1867,1883,"8 Highgate Road, Kentish Town",,,"51.5521477494663, -0.141494729656222",100m,,100m,,,Highgate
507461.99749533,182601.002231016,Hillingdon (1964),Hillingdon,Open,1964,,"Uxbridge Road, UB10 0PH",,G23,"51.5320995, -0.4521482",10m,https://lh3.googleusercontent.com/umsh/AK-S7uEuJ1ZMhOGFwW7a5g5P3y5R-YfOaPVFq2O0iEqmJBRHxFwJ_sMC8sy6cNQc73jopf5lmsq_p6yhcfVFwBlakW6QIzmdtLIbkcGCyC61Teo,10m,G23,,Hillingdon
530677.998169095,181552.000673269,Holborn (1865),Holborn,Closed,<1865,1881,254 High Holborn,,,"51.5177818268728, -0.118016318684777",250m,,250m,,,Holborn
530501.999570533,181704.997931925,Holborn (1882),Holborn,Closed,1882,1923,Theobald's Road WC,,,"51.5191974, -0.1204948",10m,https://lh3.googleusercontent.com/umsh/AK-S7uFTdnRtkE8xuyOXKjP-8Alum3Ilckw7TS3YwNgjHgDzS92TRxMN8ITbGT6LZONljS2IJprMPLGNgj2XAKCUy5sc5oVZqyTtUN_JChKavg,10m,,,Holborn
530587.998165133,186098.000674975,Holloway (1872),Holloway,Closed,1872,1907,38 Seven Sisters Road N7,,,"51.5586554910946, -0.117627825190909",10m,,10m,,,Holloway
530607.0,186085.003897764,Holloway (1908),Holloway,Closed,1908,1974,48 Mayton Street N,,A31,"51.5585343, -0.1173587",10m,https://lh3.googleusercontent.com/umsh/AK-S7uGq7yTmTnozdT8HqhvO35UX04tdq2MPvmp836hwhxQYILkAVET__D1ANETTRCp-KciUnVf6lrx_qUCPbuQbOnlllyQEtImfio-sfpc,10m,A31,,Holloway
530688.999836001,186422.996683092,Holloway (1975),Holloway,Open,1975,,"262-268 Hornsey Road, N7 7QT",,A31,"51.5615527, -0.116051",10m,https://lh3.googleusercontent.com/umsh/AK-S7uFqR-N4eNEVQIT1VURepCcar_vyVscjL2ER9j3GdQ3Gn68GgpUq7b-avPwd3Wrr1eYzJ7AAO8KyrkqvslktyEr_SPtCGp6r3ypkzIBIvI4,10m,A31,,Holloway
535731.143071494,185107.641889499,Homerton (1901),Homerton,Closed,1901,1973,"97 & 99 High Street, Homerton E",,F28,"51.548543, -0.0438641",10m,https://lh3.googleusercontent.com/umsh/AK-S7uEnwSYKScIqv76l2f_iDhwKNP1TLg_aYsCqzaf4v-heidT9kebiNI0_wjKTuVGrJ8HjM5f3SbdNPqi-DLtbo7bq6fdXbp07AMUDGWoiyT0,10m,F28,,Homerton
535727.996406906,185107.001325142,Homerton (1974),Homerton,Open,1974,,"97 Homerton High Street, E9 6DL",,F28,"51.548538, -0.0439097",10m,https://lh3.googleusercontent.com/umsh/AK-S7uGHfb2gDlPdVOCI791Mpf5IdTUa07kcLZRTBJnpr1tk3ia3NeQUKSvSjL7PwWyazMb1jcy2yyvziWE4kGbRnyxs1v6aa1JyefowBkzFumI,10m,F28,,Homerton
554002.00047269,187412.999852774,Hornchurch (1964),Hornchurch,Open,1964,,"42 North Street, RM11 1SH",,F39,"51.5645696, 0.2204488",10m,https://lh3.googleusercontent.com/umsh/AK-S7uHQAE_inUV-ggnvPF12V6ERWwGdN8s1l8wyN4svB96wVOjCoJwRV7_kznucc_vn-VUDJcY6sO7hJWn3aiUEhk2HzyZ8EAcu4fJuR9Kt5g,10m,F39,,Hornchurch
529838.00019575,189177.99705914,Hornsey (1963),Hornsey,Open,1963,,"108 Park Avenue South, N8 8LS",,A32,"51.586507, -0.1273033",10m,https://lh3.googleusercontent.com/umsh/AK-S7uFPk5OF5A_dQMHDGxI6yFRv4N8adgoXj1SxcdP_WgC8zt0hEwHsVutQ-EDGiglKoc9x-tStLQcgYRQFTWOYtmJghIk-q_yto3JE_i4,10m,A32,,Hornsey
529922.996125505,187242.998575613,Hornsey Rise (1907),Hornsey Rise,Closed,1907,1920,"49 Calverley Grove, Hornsey Rise N",,,"51.5690985, -0.1267923",250m,https://lh3.googleusercontent.com/umsh/AK-S7uFowMVp_mafTYpaJ9JClvyCB9mcQJ0Wj6nUO5-bj2qddosNcVYEolJjqcpt2YqbzNj9XziMceaB53q3bUPS8_Bf5nf6IzHgv0sXMlS9Cut8Ng,250m,,,Hornsey Rise
529751.998172041,178968.000659719,Horseferry Road (1865),Horseferry Road,Closed,<1865,1869,"Regency Place, Horseferry Road",,,"51.4947735252581, -0.132304298414357",250m,,250m,,,Horseferry Road
544486.998150441,187703.000909309,Ilford (1905),Ilford,Closed,1905,1985,"531 Ley Street, Ilford",,F42,"51.5696913658266, 0.0833923712514036",10m,,10m,F42,,Ilford
544974.996615341,186886.0049234,Ilford (1986),Ilford,Open,1986,,"460 High Road, IG1 1UE",,F42,"51.5622252, 0.0900919",10m,https://lh3.googleusercontent.com/umsh/AK-S7uGfO5lSNM9dg-9oHClLH1M8xfQ6ZuXm0i-qqKqIC1DaHrSwvEPBEjjHmJnc-qv-zogoJqYjRFD-BK7qQK2k5-CTSGJEBe0rAno_DuUN,10m,F42,,Ilford
532007.998165924,184010.000692712,Islington (1868),Islington,Closed,1868,1898,131 Essex Road,,,"51.5395616070124, -0.0979388037601977",10m,,10m,,,Islington
531701.896656159,184072.990382443,Islington (1899),Islington,Closed,1899,1992,"278 Upper Street, N1 2TZ",,A30,"51.5401991, -0.1023264",10m,https://lh3.googleusercontent.com/umsh/AK-S7uG16CK32toCg-nAi6GrNXL1h1VwmbAdOjQEH5Y3Mkh7bDKci15RihIrN8mLVJ2cTJdYIAA4K84HqGo3nPBGGFMdBLai_JyN1Gs9ZKYQWide,10m,A30,,Islington
531700.998313834,184078.998370506,Islington (1993),Islington,Open,1993,,"278 Upper Street, N1 2TZ",Islington (1899),A30,"51.5402533, -0.1023371",10m,https://lh3.googleusercontent.com/umsh/AK-S7uH-QdM__BmwEl31_z0smMX8M4lwFPIpetclp8ASew3KUh4XG4r-bG3k5ihRTT3QuuK5HSJl2XaGMzrF9nbo__OcQU8MtY4T15nyxoJX6Lk,10m,A30,Islington (1899),Islington
531627.996692717,178648.003846345,Kennington (1870),Kennington,Closed,1870,1920,"Renfrew Road, Lower Kensington Lane SE",,,"51.4914646, -0.1054154",10m,https://lh3.googleusercontent.com/umsh/AK-S7uGOWb3d8AcYvzmEhTyB0mPUuZylWrA-vAPHDNSbESSAOYqxkGQNNKQd16LwcFIre8k976j9UmnEt2HqyFmnQyiMGYnPczMdAjfqXNxDgw,10m,,,Kennington
525628.99817413,179618.000611472,Kensington (1872),Kensington,Closed,1872,1903,King Street,,,"51.5015454138967, -0.19143288193808",10m,,10m,,,Kensington
525715.998930858,179769.999714533,Kensington (1904),Kensington,Open,1904,,"13 Old Court, Kensington High Street, W8 4PL",,G33,"51.5028921, -0.190126",10m,https://lh3.googleusercontent.com/umsh/AK-S7uEPU7cwknv1ooxeMHyxehysNj0UnIDkbiBL6RAane52xhx0kt-BLTPROW0C0oJAQzuUL4YDLAhFuRMn52N5GFYxLDCT0mP6WffpFFzZsyKE,10m,G33,,Kensington
528946.001032887,185389.005342228,Kentish Town (1883),Kentish Town,Closed,1883,1971,"Willow Walk, Highgate Road, Kentish Town",,,"51.5526614, -0.1415603",10m,https://lh3.googleusercontent.com/umsh/AK-S7uGBEQL5tDmCp6s0KctBnejQU0q21wVtPPVMzcKkXEARr2wdk6iuCZZKF2CIJWxd21siASjFZiETT79hGPTVZ0gD1cb5cc_fNm82lTObH4uYf4m-,10m,,,Kentish Town
528934.999279967,185397.995123734,Kentish Town (1972),Kentish Town,Open,1972,,"20 Highgate Road, London, NW5 1NS",,A43,"51.5527447, -0.1417156",10m,https://lh3.googleusercontent.com/umsh/AK-S7uGmAVpgn4chlUfTLKXncVoMNmuLOhvQV23wS55bFIXlJhms-dfHma0MoSBLVvx6WueRWDc-mUq5XMQNGovJMS_ABnH2O_KpRg6ix7dETCSMFPgl,10m,A43,,Kentish Town
525707.999172456,183364.005318644,Kilburn (1904),Kilburn,Closed,1904,1969,"138 Maida Vale, Kilburn",,,"51.535193, -0.1889604",10m,https://lh3.googleusercontent.com/umsh/AK-S7uFihWRSqcqz-CbEG29fS98tGevVP0Vw1Ds99Dsr0YR5g-2jWQr--JhdjWwlfKT-_eoVbLvsbSYQm795FyW2aisIXjbaO9EVXmxdNVI,10m,,,Kilburn
533451.458654251,184018.302492912,Kingsland (1895),Kingsland,Closed,1895,1976,"333 Kingsland Road, E8 4DR",,,"51.5392971, -0.0771346",10m,https://lh3.googleusercontent.com/umsh/AK-S7uFhGX9E1Flo1zdh2CEFhTl9it2RL9lHQZPCP242TnE5Lz4YHmDXVAtnRL_0e0kn02a6tzjlIY4D6c6WCXRr3NtAmUflUOuV4-zYZe88_ne-,10m,,,Kingsland
533447.080566896,184018.276440876,Kingsland (1977),Kingsland,Closed,1977,2014,"333 Kingsland Road, E8 4DR",Kingsland (1895),F31,"51.5392979, -0.0771977",10m,https://lh3.googleusercontent.com/umsh/AK-S7uEhZsfYMcUixi_jttNGuc7OniMlfg3gYmHrblVwSL6Xa-cqPjBnPTqOrz1R3bNXM9NuXJwGves-g_xTvzUoj-hectU3yc67Lk9o9i0S8tw,10m,F31,Kingsland (1895),Kingsland
517820.998965042,171403.003427098,Kingston (1959),Kingston,Open,1959,,"390 Richmond Road, KT2 5PR",,H41,"51.4293924, -0.3066048",10m,https://lh3.googleusercontent.com/umsh/AK-S7uFBWLRf_PjXOtriSU1Yh5UvM13uKM6VnAV6b2-wwpgJ8b53XvIlHaxGEFUTNgAGo-qWKJ9Ot5zm6fInQrMpjvqFG11r_aZoadrOzdjQ,10m,H41,,Kingston
527379.998173261,179382.000631144,Knightsbridge (1879),Knightsbridge,Closed,1879,1907,"Chaple Place, Relton Mews, Brompton Road SW3",,,"51.4990329923403, -0.166304842313947",250m,,250m,,,Knightsbridge
527739.999694819,179580.999541157,Knightsbridge (1900),Knightsbridge,Closed,1900,2014,"16 Basil Street, SW3 1AL",,A26,"51.5007402, -0.1610494",10m,https://lh3.googleusercontent.com/umsh/AK-S7uFDiZwdPa1YW8EPkD_AeSaU-iZ-V_PwRNJiPLeoNld-mXmHkt6bPEfduR8HySHAX3qnxdggREYTSSmiSG2PAtmgdBVmjnRFpECjdoVAbcCjUw,10m,A26,,Knightsbridge
530518.997042073,178762.001408857,Lambeth (1937),Lambeth,Open,1937,,"8 Albert Embankment, SE1 7SD",,H22,"51.4927459, -0.1213381",10m,https://lh3.googleusercontent.com/umsh/AK-S7uHB_P9uW-mlg4WKJS42H0r5k8SLOA3JdowbkEjdJXa93stXNdefs8Iqby4BDNBUASuvfIZSL1vmLVaKjr7IiW4Sgco33j64yQZW2kM,10m,H22,,Lambeth
539808.998166982,175000.00080866,Lee Green (1895),Lee Green,Closed,1895,1905,345 High Road SE,,,"51.4567219601902, 0.0109061682065481",10m,,10m,,,Lee Green
539928.995654261,174971.997236927,Lee Green (1906),Lee Green,Open,1906,,"9 Eltham Road, SE12 8ES",,E29,"51.4564407, 0.0126211",10m,https://lh3.googleusercontent.com/umsh/AK-S7uGLvZASRvVDdOZ4nvdKUcivyq0lxb6a2RkevuEy2jRgQO4m8H2rDhMryJAEBHl3gldMbkPu9MHwxjFl-SeK89lw70jqhdnLXs-6NbMg1XE,10m,E29,,Lee Green
538011.000913374,174898.005375303,Lewisham (1898),Lewisham,Closed,1898,1965,"340 Lewisham High Street, Lewisham, SE13",,,"51.4562462, -0.0149957",10m,https://lh3.googleusercontent.com/umsh/AK-S7uFUDImkK0kvhuREM_sGToXX6ptdkpQDXjoxJ_xWysj5NNR7VuvOEZYl-ACDb8D_bY01Ab4uNA0f7nKLfGbbfpnWpGr-QzjeqctHj4vm,10m,,,Lewisham
538126.996982419,174994.995361094,Lewisham (1967),Lewisham,Open,1967,,"249/259 Lewisham High Street, SE13 6NH",,E21,"51.4570895, -0.0132894",10m,https://lh3.googleusercontent.com/umsh/AK-S7uHO6lSPKTUhDErf4X4UmsCr3eTRNO3dxoqKHVAKtP6E1xnLoFcHzDMCUN7J8IiQ26SB4J5Jd3KZPcU7O8uvoqGpfC66m3_gZPJWDm60YA,10m,E21,,Lewisham
537570.85912435,186779.112736424,Leyton (1917),Leyton,Closed,1917,1990,"90B Church Road, E10 5HG",,F29,"51.5631177, -0.0166952",10m,,10m,F29,,Leyton
537566.000509745,186780.004786326,Leyton (1991),Leyton,Open,1991,,"90B Church Road, E10 5HG",Leyton (1917),F29,"51.5631269, -0.0167649",10m,https://lh3.googleusercontent.com/umsh/AK-S7uHCpa7uUk5dWGEmW2gu3Ih1v3BlfurCy0KO9JLdwZ62WBGhA5vB8iz2Gk3cHkWdNsuMB2QaAllAOqt-0p3bYyMgNFIm0VWaYnp1Tw,10m,F29,Leyton (1917),Leyton
539330.890752218,186553.254614632,Leytonstone (1914),Leytonstone,Closed,1914,2015,"466 High Road, E11 3HN",,F30,"51.5606565, 0.0085902",10m,https://lh3.googleusercontent.com/umsh/AK-S7uEBTAiyZzuWNoKDhBfisXHHyEyZWR5-1LEBc_mEmKZxsX5u7STQpN3AzF7XFTtCMjBMCmvzu20Df_KaEimeQPurq595aQSRyaSeZ-5FB86NGs0z,10m,F30,,Leytonstone
539331.994783587,186557.001896801,Leytonstone (2016),Leytonstone,Open,2016,,"466 High Road, E11 3HN",Leytonstone (1914),F30,"51.5606899, 0.0086076",10m,https://lh3.googleusercontent.com/umsh/AK-S7uFOg4fkk6W9cUmWgltncOwJC9bZvqCsb1QvOZh9avsxSiXucukL3W-nD3793p0JE_my9nt-G4JDRmgd3dqF69uGEWwWG-xqbXwg0FH3S8yL,10m,F30,Leytonstone (1914),Leytonstone
528108.000430915,181594.000365426,Manchester Square (1889),Manchester Square,Closed,1889,2005,"1 Chiltern Street, Marylebone, W1M 1HA",,A22,"51.5187474, -0.1550199",10m,https://lh3.googleusercontent.com/umsh/AK-S7uH_6L4xCO7rVftyDh8s0iuBY91rXv_1jgyEh2VTkzy8QbWrcG96a2AHcC7UANebrcvhuoMp_aVp3Y69G3KVnjLHdZ14ZExqqtMdEzelpmH9NA,10m,A22,,Manchester Square
535818.362079001,182194.948528778,Mile End (1872),Mile End,Closed,1872,1902,263 Mile End Road E,,,"51.5223481, -0.0437296",10m,https://lh3.googleusercontent.com/umsh/AK-S7uHRynTzaUJKq83IB83KWhKBHDKsGCsGOIbGgCq4WtItBlHh-CEHaSk4QpMSWW7Y1vjuVeXLMKH3y1bjF5R5s1smmWjwHPm-0uYEn3TtB7M,10m,,,Mile End
535817.873305626,182199.20868735,Mile End (1903),Mile End,Closed,1903,1920,263 Mile End Road E,Mile End (1872),,"51.5223865, -0.043735",10m,,10m,,Mile End (1872),Mile End
521724.995068527,192147.000108625,Mill Hill (1929),Mill Hill,Open,1929,,"10 Hartley Avenue, NW7 2HX",,A38,"51.6149989, -0.2433165",10m,https://lh3.googleusercontent.com/umsh/AK-S7uGb8kG7E7YdK4EzkoeW8XZEXXPmLandjGtg41yIcXd-zymBQmQlVsNhAZa0Iwg9iP7XkTZEBsYPfAoYZ5ki_6o0fC66dWVqH7Kcr06h5w,10m,A38,,Mill Hill
538014.395807501,178358.841019863,Millwall (1877),Millwall,Closed,1877,1903,Junction of East & West Ferry Roads,,,"51.4873448, -0.0135964",10m,,10m,,,Millwall
538017.739662443,178359.020782325,Millwall (1904),Millwall,Closed,1904,2004,"461 Westferry Road, E14 9AN",Millwall (1877),F23,"51.4873456, -0.0135482",10m,https://lh3.googleusercontent.com/umsh/AK-S7uHTNz-fSxkzG-Wg9lG-l0B47MKRSIpu7thMvNeY8ZkmE0TOcccXfMT7Qfka6s4_tqgYEKyeKry8oxeOCTviLxiUhqoQO3FjAzP5WJsC,10m,F23,Millwall (1877),Millwall
537131.998446739,179827.00630149,Millwall (2005),Millwall,Open,2005,,"43 Westferry Road, E14 8JH",,F23,"51.5007524, -0.0257273",10m,https://lh3.googleusercontent.com/umsh/AK-S7uEfmr_xbleQE0ycEeStfN_1mtJAFpnb0MJmsjOFymLlqAjArBTmW7cIhNeoW58isrbW76hHcNYm2JkJnzUNNRQ3hSeq0PkdFBs9tVCXUA,10m,F23,,Millwall
527503.000230195,168581.999355593,Mitcham (1928),Mitcham,Closed,1928,2014,"30 Lower Green West, Mitcham, CR4 3AF",,H36,"51.4019464, -0.1684222",10m,https://lh3.googleusercontent.com/umsh/AK-S7uGD0M5hCJeoC8d1keTgvviOlG5BipUimktozsadUYuOzG9CKzYEz_dJKjFkUhQufZBLaYsQ-_0pZ6il7ZG4wEP2f5L9XHenNB7yKjz13A,10m,H36,,Mitcham
527209.000490611,168065.995627099,Mitcham (2015),Mitcham,Open,2015,,"421-445 London Road, Mitcham, CR4 4BJ",,H36,"51.397375, -0.1728312",10m,https://lh3.googleusercontent.com/umsh/AK-S7uFm0LfjcD1ByR-yNxtOHoZb29IZCFxYoH3WXEgMlMouP_JvlTfOUJknTpp7HTAQNL7YWEqQxQsBzBgip433IUz18DSHUcJ5mC8zlbltEg,10m,H36,,Mitcham
535574.997281112,176767.997800372,New Cross (1894),New Cross,Open,1894,,"266 Queen's Road, SE14 5JN",,E38,"51.4736386, -0.0493186",10m,https://lh3.googleusercontent.com/umsh/AK-S7uGuORcqaakxT4v0zqLj1utHzoW8Qi5Dsg4EiOOtSfmibpEVPMd7XcePcdy2S4hdjTiNrA-RtYewGAq8htEfrmV_Q1KWIaZo0YdeGnGm2Q,10m,E38,,New Cross
521406.998186244,168474.000562501,New Malden (1890),New Malden,Closed,1890,1976,"Malden Road, New Malden",,H40,"51.4023120329616, -0.256049740090306",10m,,10m,H40,,New Malden
522157.000465195,168132.00331582,New Malden (1977),New Malden,Open,1977,,"180 Burlington Road, KT3 4RW",,H40,"51.3990775, -0.2453908",10m,https://lh3.googleusercontent.com/umsh/AK-S7uFrUw0pBvwAyqDxXXQDPAiaV8r1mpgdDwqspKIPndU6uk4HrhTYgQ_krNx6UkV-ItiTcHkFLgoDtFf0488A0N7E8hnxLEZeqJdVXXM2JCk,10m,H40,,New Malden
530758.000994785,169201.999618717,Norbury (1971),Norbury,Open,1971,,"1321/1325A London Road, SW16 4AU",,H32,"51.4067779, -0.1214271",10m,https://lh3.googleusercontent.com/umsh/AK-S7uFHZ5nR2ooAXtrYf6VW1-hUpfyqoiI7PXmxI2xd0n3NWv3inFHDqDj9t5Ag8B2a6YkfRZ3tICgOxj2U72WhCYPGFwEv4_p5gYatWMI,10m,H32,,Norbury
524778.998175908,178166.000601471,North End Road (1895),North End Road,Closed,1895,1914,"233 North End Road, Fulham SW",,,"51.4886843237635, -0.204185405796726",100m,,100m,,,North End Road
524162.000927911,181845.005305918,North Kensington (1882),North Kensington,Closed,1882,1984,"58 Faraday Road, North Kensington",,G27,"51.5218835, -0.2117735",10m,https://lh3.googleusercontent.com/umsh/AK-S7uErGvmP_2f5jQbl-68ch5l7QSEnJ5dUAkDuZBA18Yj35Gnr8n5vqnCrYygMBtJRTBq6Yqw0DhOxCwWGkGgULufvqcpKGnUT04UXY9o7qmLvcVJFy92M4Q,10m,G27,,North Kensington
524128.998109216,181840.003994756,North Kensington (1985),North Kensington,Open,1985,,"242 Ladbroke Grove, W10 5LP",,G27,"51.5218458, -0.2122507",10m,https://lh3.googleusercontent.com/umsh/AK-S7uGYYHFeemmq3FdWAMsTGFbFy0dAynGIF7OgVlIvdXAY3ztlVNCPHv25TbsCKd9DqaiFNs1mMcdrfrKBSPrnZvuYkf5pxOCTxIZVGpTmu_u6rJURZxBD,10m,G27,,North Kensington
542961.999230256,179969.005590549,North Woolwich (1899),North Woolwich,Closed,1899,1935,236 Albert Road E,,,"51.5005852, 0.0582661",10m,https://lh3.googleusercontent.com/umsh/AK-S7uH7YEAJIAG8ZBCwUZzWBuGdPPNbnARvinkkBSKHtJq8fvDeN9Vk49P6xlwBUuX5pN2w0GYyfVp3U6vsC9IVC-mtHg3H5_epTtyM9_9zZiIqBPFW,10m,,,North Woolwich
527623.99738936,174485.004338597,Northcote Road (1906),Northcote Road,Closed,1906,1920,Chatham Road SW,,,"51.4549693, -0.1645591",500m,https://lh3.googleusercontent.com/umsh/AK-S7uF-K32OC2Yd9OYnw-nBlA91i85mjFGevoWrZ4qnqWxFweYnJgnpJ7uWNtiM0ygGaTVQ6SylcHeCiyYeVFTbbe27hy2s3Pt7OCtnbemZCJiopU-w,500m,,,Northcote Road
513829.99672059,185248.995534304,Northolt (1963),Northolt,Open,1963,,"74 Petts Hill, UB5 4JT",,G31,"51.5546523, -0.3595265",10m,https://lh3.googleusercontent.com/umsh/AK-S7uGiXavHtEPx0H4GL9BLjUqG5Rz6dyQ7u-pP6k3YGpacuvlK6nyZTmBlMk6Knrq9C2H1OrGpH3cR9q4lWSKRRPycltLl-BMlE16Sg4P1,10m,G31,,Northolt
524858.99750495,180427.003278095,Notting Hill (1871),Notting Hill,Closed,1871,1915,65 Ladbroke Road W,,,"51.5089864, -0.2022344",10m,https://lh3.googleusercontent.com/umsh/AK-S7uHYYQ6vrS0YMKGmmmzdDgjvLl_cVv88b4dvo7cmpt2Fl2nxhiQkZr36lfpF2QH-wVADSQRL8Mf7mED1XDuylCZ8si60-FxBoaMdjOUpifM7,10m,,,Notting Hill
533599.243033932,178347.127785189,Old Kent Road (1868),Old Kent Road,Closed,1868,1902,"j/o Thomas Street, Old Kent Road",,,"51.4882989, -0.0771523",10m,,10m,,,Old Kent Road
533596.997950697,178343.997513353,Old Kent Road (1903),Old Kent Road,Closed,1903,1968,"308 Old Kent Road, SE1 5UE",Old Kent Road (1868),,"51.4882713, -0.0771858",10m,https://lh3.googleusercontent.com/umsh/AK-S7uGMFXUkozrO3j_XLV1DqcsDueykBehCETbxsphcr3e05kL6rjwVu4BkUQKqy3TJtT0jPSHkkYYrjar5jlWVfm-mUjJ6iD-xVw,10m,,Old Kent Road (1868),Old Kent Road
533844.999835454,178212.998547759,Old Kent Road (1969),Old Kent Road,Closed,1969,2014,"405 Old Kent Road, SE1 5JH",,E35,"51.4870355, -0.0736656",10m,https://lh3.googleusercontent.com/umsh/AK-S7uERxN8upCpSQMsRFzUIoYLHCWSQzQETXbdJ3EXqK1PmUyVKQRIVsxBaPYXuIYkaEyZNpO9eImjpsMxHNTWixcomaw9wFcmMfXNX,10m,E35,,Old Kent Road
533844.999835454,178212.998547759,Old Kent Road (2015),Old Kent Road,Open,2015,,"405 Old Kent Road, SE1 5JH",Old Kent Road (1969),E35,"51.4870355, -0.0736656",10m,https://lh3.googleusercontent.com/umsh/AK-S7uGM-TF82jjKZHxiP0US52trMC7Y0XW_lucQCk96MFqD2DQ5wND_f7Mtip3fwzy3T0CSlc7Xn9Jx0lUyfLq1auWa2aVdlLTdw3Yb,10m,E35,Old Kent Road (1969),Old Kent Road
547012.99994571,165800.003237783,Orpington (1958),Orpington,Closed,1958,2014,"Avalon Road, Kent., BR6 9AX",,E41,"51.3722323, 0.1107093",10m,https://lh3.googleusercontent.com/umsh/AK-S7uEFiAMqMyCL_6y-tTJ0ZpS1TKmhZAlI2Bos4Q41wBcemSE28V-0HJEyRFp8Rj2ZRd5XBzjc4NmUzEhQMH5R4vRVT4bwfFuP44PzYCk2TRU,10m,E41,,Orpington
547016.173628841,165800.094603945,Orpington (2015),Orpington,Open,2015,,"Avalon Road, Kent., BR6 9AX",Orpington (1958),E41,"51.3722323, 0.1107549",10m,https://lh3.googleusercontent.com/umsh/AK-S7uHZoGGGDegCzFgIf6P0bQ-lZ8FESm8VvF0-mfdxnIFZLjFXdSJHQu5rPDP2tmxS9_Q3yDPVtYFGUyKAL88PfOGKL_1oaBLa8Sa7FdVPiM8r,10m,E41,Orpington (1958),Orpington
526643.998171723,181646.000624002,Paddington (1870),Paddington,Closed,1870,1904,Hermitage Street W,,,"51.5195445337222, -0.176089784698337",10m,,10m,,,Paddington
526151.996589896,181697.995794127,Paddington (1969),Paddington,Open,1969,,"156 Harrow Road, W2 6NL",,A21,"51.5201218, -0.1831585",10m,https://lh3.googleusercontent.com/umsh/AK-S7uEbYMjyXsuPEwgnVYzk84Z7Z8h_R78V079BsSJpgw4uNDaSr0X-k4wLGdtZFPkhPNYxaZ5Mdr6Qb0JI2NnJooISW_Y2ARTy23HQzhKjSWnn,10m,A21,,Paddington
536379.998356354,180460.003329324,Pageants Wharf (1903),Pageants Wharf,Closed,1903,1968,241 Rotherhithe Street SE16,,,"51.5066224, -0.03631",10m,https://lh3.googleusercontent.com/umsh/AK-S7uHVYvQUT5DPeI4PUakanQqSMjiqBrau2JgFQlGkjV22a3V4g7obgg-bYscGPKhSmf-XNrDbXBnySlwc8SFDlH4mRePSQo-xjHTsulb1pirE95-2,10m,,,Pageants Wharf
520443.997372588,183305.999476435,Park Royal (1960),Park Royal,Open,1960,,"15 Waxlow Road, NW10 7NU",,G29,"51.5358182, -0.2648373",10m,https://lh3.googleusercontent.com/umsh/AK-S7uELR6EUON-bwAI3X1hDoozWQ-5R9D1OsLl16KPei1GkYOFHs0GtVGlFPJiDzoSPnnnIte6uTjtbtUpKTLcMJed77fd0rq1616_CpRxW35c,10m,G29,,Park Royal
533579.104150836,176744.160329735,Peckham (1925),Peckham,Closed,1925,1990,"78 Peckham Road, SE5",,E37,"51.4738987, -0.0780479",10m,,10m,E37,,Peckham
533583.001622935,176744.997074391,Peckham (1991),Peckham,Open,1991,,"78-80 Peckham Road, SE5 8PR",Peckham (1925),E37,"51.4739053, -0.0779915",10m,https://lh3.googleusercontent.com/umsh/AK-S7uFOvTcrD_5prhYjY6NnTFxvmOmvum_NQW21CEc0cVTnL1aj9MoZWVG9brEeme7DNEGDZLM29bjDgeGLi6AOm8561bEH_3whTPVBwGRh,10m,E37,Peckham (1925),Peckham
533553.316809904,176755.746428029,Peckham Road (1867),Peckham Road,Closed,1867,1925,Peckham Road SE (opposite Southampton St),,,"51.4740089, -0.0784146",10m,https://lh3.googleusercontent.com/umsh/AK-S7uFl4BaCBCUiV7iv-bdCg3swdiUh2HPKRUB0ZvKxfgS1lP194aLvmnScwy_h15xkF84SYm2d-33DX6N9VyAJwlFRGkqVnMvnPhtXNx8KyJw,10m,,,Peckham Road
536116.995889731,172523.997472939,Perry Vale (1901),Perry Vale,Closed,1901,1971,"199 Perry Vale, SE23 2JF",,,"51.4353708, -0.0431512",10m,https://lh3.googleusercontent.com/umsh/AK-S7uHVp0pC5vGEsQWe8X8_nEg_Y9TJ7fqpErBvGM9arZnqDpVhzAQAD1YZl6FM9WYVztZATKAfA8pswA-Te_F7CluMRlPryqpCfLEKD7myyA,10m,,,Perry Vale
541083.995391385,182189.004470747,Plaistow (1931),Plaistow,Closed,1931,2014,"145 Prince Regent Lane, E13 8RY",,F45,"51.5210051, 0.0321156",10m,https://lh3.googleusercontent.com/umsh/AK-S7uF1sM_VlX1LEhQokwobkrBlmyJ55lusndl4ECTwW-HUrycaFiuQwc1CzFAVgK3HnEl2Ab5a-LNMdp0OvA1Jj1CCdWNq2IbC5Gd1k2xlQB4,10m,F45,,Plaistow
541084.771342214,182184.563410698,Plaistow (2015),Plaistow,Open,2015,,"145 Prince Regent Lane, E13 8RY",Plaistow (1931),F45,"51.520965, 0.032125",10m,https://lh3.googleusercontent.com/umsh/AK-S7uEOfHDr2WksAHQoG9V9HuzFnVAjkgnKqeaHwSciyZy6PDMRGbUtn9GONMdo8X0SgGKycD1eFMUkVEnmDPR_xuhgO93axK3LT0UTcA9ycaw,10m,F45,Plaistow (1931),Plaistow
545308.000783455,178571.004592743,Plumstead (1907),Plumstead,Open,1907,,"1 Lakedale Road, Plumstead, SE18 1PP",,E25,"51.4874258, 0.0914659",10m,https://lh3.googleusercontent.com/umsh/AK-S7uFYq7ITM9_tIhT978M5QAnrvP56OQ5sE3znydLBBmA_VDe6I_X98A30GyUokrJgBrhitDAK0wf4tVfrWh4CDHqo0Im_091qQo7DS3zVhw,10m,E25,,Plumstead
535272.998152389,196228.0007488,Ponders End (1869),Ponders End,Closed,1869,1965,"Hertford Road, Ponders End, Enfield",,,"51.6485814806292, -0.0461830673537683",10m,,10m,,,Ponders End
537228.998164428,180713.00076891,Poplar (1868),Poplar,Closed,1868,1920,75 West India Dock Road E,,,"51.5086905202982, -0.0239863029135717",10m,,10m,,,Poplar
537873.99759457,180976.002304299,Poplar (1970),Poplar,Open,1970,,"168 East India Dock Road, E14 0BP",,F22,"51.510897, -0.0145954",10m,https://lh3.googleusercontent.com/umsh/AK-S7uFvIS6KACSxvUd2rIbPSBYCYDeCm3D1NJTyHP7TKMLv7FmkWaxO7LFLHMagSJtShUCwELbC6hH5qPRLImmZWzAofnbcMSzDmlrFmNee,10m,F22,,Poplar
528880.998170007,181946.000650684,Portland Road (1868),Portland Road,Closed,1868,1902,171 Great Portland Street W,,,"51.521735053491, -0.143756621382295",10m,,10m,,,Portland Road
530718.996586392,160855.997619386,Purley (1929),Purley,Closed,1929,2015,"128 Brighton Road, CR8 4DB",,H29,"51.3317827, -0.1250539",10m,https://lh3.googleusercontent.com/umsh/AK-S7uFrXF_UjzQIhsdvQWmC0-VxDKDqdE_jtQo0bWAw9atYErxF5DxtDTGPkUCyzXMW8okteS-xTcgH3nkjHp60vvg7pUDJBKi4Q3ZwONoD,10m,H29,,Purley
530722.77067859,160854.792175261,Purley (2016),Purley,Open,2016,,"128 Brighton Road, CR8 4DB",Purley (1929),H29,"51.331771, -0.1250002",10m,https://lh3.googleusercontent.com/umsh/AK-S7uG2EHXBpaQmAnlL9l_YoBCoGtt_2kKgBQbzzY1kH3Unsq1yIuJe5cUfhSYTaNY4ni1zKl0SU5qltT8yUqQ45DUL-V1lbGVdzekxPUgO,10m,H29,Purley (1929),Purley
535729.998165672,180842.000745071,Ratcliff (1865),Ratcliff,Closed,<1865,1882,"118 Cock Hill/19 Broad Street, Ratcliff",,,"51.510211460489, -0.0455229954384619",500m,,500m,,,Ratcliff
532336.001602737,181755.995997659,Redcross Street (1901),Redcross Street,Closed,1901,1964,35-38 Redcross Street EC,,,"51.5192294, -0.0940582",10m,https://lh3.googleusercontent.com/umsh/AK-S7uGUP_ylAQG8zUAIinfE52V1Iz5A3atEZuqDNEFDCCU1vDDLJ1Mps1Rbw5WcLcoIp63By10bxQpND8f3jewqkQ3vdKz2_C_chmMIwFwQGvqF,10m,,,Redcross Street
529196.998170666,180958.000653992,Regent Street (1865),Regent Street,Closed,<1865,1887,"39 King Street, Golden Square",,,"51.512784074578, -0.139566345306213",500m,,500m,,,Regent Street
519232.999749746,175670.995196427,Richmond (1963),Richmond,Open,1963,,"323 Lower Richmond Road, Richmond, Surrey, TW9 4PN",,H42,"51.467456, -0.284867",10m,https://lh3.googleusercontent.com/umsh/AK-S7uE7Pjw6NPdrjPmG1WMLIg8EUB65sadx-jfrXXFtID5vXQEyoIPDrKdW_IpzlGlDS4hP2Zily7Z3Nu4VT1CNdv3Z7lojBjHe9AaK7tQ,10m,H42,,Richmond
527047.9972006,177253.99840687,River Stn - Battersea Bridge (1899),River Stn - Battersea Bridge,Closed,1899,1937,Battersea Bridge SW,,,"51.4799835, -0.1718503",10m,https://lh3.googleusercontent.com/umsh/AK-S7uFkV_yfPgdUBZDiYNP-0wzbx8_XsF5idc1yTsToWzE22FKK2sR0r9ffBGgvt_Eloc-iEpjjeBB7LgR-l_DHpZkritiinGkKzIrXCx2jjkaMiA,10m,,,River Stn - Battersea Bridge
531565.998169108,180795.000684599,River Stn - Blackfriars Bridge (1900),River Stn - Blackfriars Bridge,Closed,1900,1948,"Blackfriars Bridge, Victoria Embankment",,,"51.5107731007796, -0.105507929583085",10m,,10m,,,River Stn - Blackfriars Bridge
530412.998170428,180262.000669,River Stn - Charring Cross (1889),River Stn - Charring Cross,Closed,1889,1900,"Hungerford Pier, Victoria Embankment",,,"51.5062502810784, -0.122310123055223",10m,,10m,,,River Stn - Charring Cross
534625.99816765,179685.000727413,River Stn - Cherry Gardens River (1894),River Stn - Cherry Gardens River,Closed,1894,1944,Cherry Gardens Street SE,,,"51.5000781783213, -0.0618630428505985",10m,,10m,,,River Stn - Cherry Gardens River
536579.998166402,179161.000757294,River Stn - Deptford (1901),River Stn - Deptford,Closed,1901,1906,Royal Victualling Yard SE,,,"51.4949010924439, -0.0339325081939063",10m,,10m,,,River Stn - Deptford
538323.998165821,177971.000785143,River Stn - Greenwich (1973),River Stn - Greenwich,Closed,1973,1979,Greenwich Pier (Crew at Greenwich fire station),,,"51.4837840699182, -0.00929194748543059",100m,,100m,,,River Stn - Greenwich
530455.282744521,178793.248804028,River Stn - Lambeth (1937),River Stn - Lambeth,Closed,1937,1990,"Opposite 8 Albert Embankment, SE1 7SD",,H23,"51.4930414, -0.1222438",10m,,10m,H23,,River Stn - Lambeth
530456.001457765,178797.996481399,River Stn - Lambeth (1991),River Stn - Lambeth,Open,1991,,"Opposite 8 Albert Embankment, SE1 7SD",River Stn - Lambeth (1937),H23,"51.4930839, -0.1222317",10m,https://lh3.googleusercontent.com/umsh/AK-S7uFvivpp1hRZHBo4e3Nv2CKQQv-7ljwW6lhb0AnWhuG7ADYSGP7PuVdVpbqXF8-bFTRjogdPkrqD9aKZKp8j7bK481thMCdwSkm2up_QTJ8E7qg,10m,H23,River Stn - Lambeth (1937),River Stn - Lambeth
537015.998165477,179754.00076474,River Stn - Limehouse (1870),River Stn - Limehouse,Closed,1870,c1880s,"off Torrington Stairs, Limehouse Reach",,,"51.5001244682582, -0.027425782405986",500m,,500m,,,River Stn - Limehouse
530385.998171586,178974.000667841,River Stn - Millbank (1869),River Stn - Millbank,Closed,1869,c1880s,off Millbank nr Lambeth Bridge,,,"51.4946817202217, -0.123174520191426",250m,,250m,,,River Stn - Millbank
529661.998173048,177899.000657922,River Stn - Pimlico (1884),River Stn - Pimlico,Closed,1884,1898,"Pimlico Old Pier, Grosvenor Road SW1",,,"51.4851873651786, -0.13399230758067",10m,,10m,,,River Stn - Pimlico
534741.998167499,179745.000729197,River Stn - Rotherhithe (1865),River Stn - Rotherhithe,Closed,1865,c1880s,"King's Stairs, Rotherhithe",,,"51.5005897422503, -0.0601699891418351",250m,,250m,,,River Stn - Rotherhithe
535729.998165898,180587.000744894,River Stn - Shadwell (1880),River Stn - Shadwell,Closed,1880,1898,Shadwell Fish Market E1,,,"51.5079199756819, -0.0456210627505565",100m,,100m,,,River Stn - Shadwell
532354.998168668,180611.000695286,River Stn - Southwark Bridge (1865),River Stn - Southwark Bridge,Closed,1865,c1880s,Southwark Bridge,,,"51.5089354949048, -0.0942140773793947",500m,,500m,,,River Stn - Southwark Bridge
543019.998159678,179301.000872322,River Stn - Woolwich (1948),River Stn - Woolwich,Closed,1948,1973,"Royal Dockyard, Woolwich (Crew at Woolwich Fire Station)",,,"51.4945680790015, 0.0588305868031931",100m,,100m,,,River Stn - Woolwich
551179.997506091,190566.002829029,Romford (1959),Romford,Open,1959,,"198 Pettits Lane North, RM1 4NU",,F38,"51.5936617, 0.1811229",10m,https://lh3.googleusercontent.com/umsh/AK-S7uFvhJzVdUjnvkT_AHw3NvL5AFtZNVItZF42CVZtnvQmNX1H-3KDOLP_feAba5I6bi3Fkb0PdJCIi15fQfz_4HxQvNmAfVBWh3Bp2i0,10m,F38,,Romford
535274.998167512,179214.000736915,Rotherhithe (1865),Rotherhithe,Closed,<1865,1876,"6 Lucas Street, Rotherhithe",,,"51.4956908415541, -0.0526992387760575",10m,,10m,,,Rotherhithe
535277.617252436,179210.170960326,Rotherhithe (1877),Rotherhithe,Closed,1877,1928,"Goram Road, Lower Road SE",Rotherhithe (1865),,"51.4956558, -0.052663",10m,https://lh3.googleusercontent.com/umsh/AK-S7uFb_qcJTb2LBLBiX0zs7AkCKMHG0i3tD3_KMuzUt_M61Moz1IFZDhm6Aj_bzggBCPUJYtRmcVIpVYwtLtPjVM5ShWP5wqkT4_1wE5zqyQNcz90,10m,,Rotherhithe (1865),Rotherhithe
508404.000893998,188885.995926065,Ruislip (1962),Ruislip,Open,1962,,"Bury Street, HA4 7TW",,G32,"51.5884093, -0.4366372",10m,https://lh3.googleusercontent.com/umsh/AK-S7uFW_oHyc8ZwAev6UKgZ4FJ7P7m3h3xkRgHPw5YfeVSiK2_XCKmtr8F7esdxh4JyE2XKXGepsDHXRz3MX4kfKpMEp8ShPbHP98FE-g,10m,G32,,Ruislip
537688.998869771,173672.005875619,Rushey Green (1868),Rushey Green,Closed,1868,1915,Rushey Green SE,,,"51.4453075, -0.020104",10m,https://lh3.googleusercontent.com/umsh/AK-S7uHojShR5mFzYQoGMz3bVYR24nndui14EQTyFRhDuTWIe2aZ8qNs4Ollh8eP4Qr387xQXWvelCIuMepRRoQHA4QbYMKAQ0koSTcYU-O-TQElEA,10m,,,Rushey Green
534300.998184683,160705.000709811,Sanderstead (1936),Sanderstead,Closed,1936,1992,"133-135 Limpsfield Road, Sanderstead",,,"51.329591820517, -0.0737257246417285",10m,,10m,,,Sanderstead
530178.994943748,180292.002665197,Scotland Yard (1884),Scotland Yard,Closed,1884,1922,Great Scotland Yard SW,,,"51.5065738, -0.1256688",10m,https://lh3.googleusercontent.com/umsh/AK-S7uE0Dwbgu9sqcxeHDtvK_NG5kskxAJYUfJIYLpWSIxFs3bxNljAIigUHt9KwyXlu9ZFNnU1A57BMyqigOd36-9zcQ7TE92Uymj7XONGqkw4OJVY,10m,,,Scotland Yard
535368.998165974,180857.000739498,Shadwell (1882),Shadwell,Closed,1882,1936,Glamis Road E,,,"51.5104327761214, -0.0507160102659992",10m,,10m,,,Shadwell
535006.097591526,180907.686741466,Shadwell (1937),Shadwell,Closed,1937,2015,"290 Cable Street, E1 0BX",,F25,"51.510975, -0.0559228",10m,https://lh3.googleusercontent.com/umsh/AK-S7uFU7mpQ_GDX1zQpGiJTxxuY0_5UbY4jnPcnDUtxvg6fRDRhxS1a-RGu26e4aEhjOEc23aEycZhQOt8Vcm7nsF7po1aHKhl-qrta_ZVNhA,10m,F25,,Shadwell
535005.99757396,180900.996101882,Shadwell (2016),Shadwell,Open,2016,,"290 Cable Street, E1 0BX",Shadwell (1937),F25,"51.5109149, -0.0559268",10m,https://lh3.googleusercontent.com/umsh/AK-S7uHIAenWCKAf1PXt3k7kAm26x4BPYGA8uMd0t7qiVVVucFCJ07a2ySGRlxMvjS0TgB2ZUyC_L96_5_9jjzWQE4Hk5FE08MsNEsmFmQD3ECs,10m,F25,Shadwell (1937),Shadwell
523254.998175171,179962.000586696,Shepherd's Bush (1901),Shepherd's Bush,Closed,1901,1920,6 Uxbridge Road W,,,"51.5051591660168, -0.225497623835637",10m,,10m,,,Shepherd's Bush
543880.000456569,177023.998185726,Shooters Hill (1879),Shooters Hill,Closed,1879,1997,"22-23 Eaglesfield Road, Shooters Hill, SE18",,E26,"51.4738898, 0.0702834",10m,https://lh3.googleusercontent.com/umsh/AK-S7uGn2CDKon5R17TAT-uQX_xp48jPd3ZfM102DRWhWIvOgYIH--PyhpHxQcEkirLYYYXL0jH1aSgnOmpmLHlHFIjiwC9XNclUCBo5i2XVgiuGbzg,10m,E26,,Shooters Hill
533319.998166091,182659.000710256,Shoreditch (1869),Shoreditch,Closed,1869,1895,"380 Old Street, nr Town Hall",,,"51.5271129657056, -0.0795431900094149",10m,,10m,,,Shoreditch
533008.998027234,182494.002797133,Shoreditch (1896),Shoreditch,Closed,1896,1963,"140 Tabernacle Street, Tabernacle Square",,,"51.5257035, -0.0840859",10m,https://lh3.googleusercontent.com/umsh/AK-S7uGqzkjWv9e-Mrqh7JK45zvpfC6-i-SjFI_q06uHa5NOP5S9YdHf5UZJnecm69-GHeLjwlPYkATCI0LUJIAXi-fddnH2ZTe2NH8ng3TIXnrbx-0,10m,,,Shoreditch
532911.99477603,182583.002023047,Shoreditch (1964),Shoreditch,Open,1964,,"235 Old Street, EC1V 9EY",,F24,"51.5265261, -0.0854498",10m,https://lh3.googleusercontent.com/umsh/AK-S7uGwrmrdivPjBz7gS694KJ9tZNeWMoZYaMFsap4uzoOQzPTjOp0-PB9dke4UIINaVC11cjU9EePOymr2MkRYHPafJ_KllHxwZvch9q4Fn0PX,10m,F24,,Shoreditch
545707.995240006,171861.995406408,Sidcup (1908),Sidcup,Open,1908,,"162 Main Road, DA14 6NZ",,E40,"51.4270391, 0.0944612",10m,https://lh3.googleusercontent.com/umsh/AK-S7uEAaixpsCjSo28FfKkFUZ9k7tjtyoFdh3vBE9LMpxrs5smzP-efN7mfe2o0sCYt9iPsr2PTnA5S7y_RdqThVMSKJH88OxB7Pwup,10m,E40,,Sidcup
540814.998161379,180126.000830827,Silvertown (1914),Silvertown,Closed,1914,1967,"303 North Woolwich Road, E16 2BB",,,"51.5025344080193, 0.027417780192838",10m,,10m,,,Silvertown
540814.881521686,180120.232073567,Silvertown (1968),Silvertown,Closed,1968,2014,"303 North Woolwich Road, E16 2BB",Silvertown (1914),F46,"51.5024826, 0.0274138",10m,https://lh3.googleusercontent.com/umsh/AK-S7uHfGrlB6YY8KuW0gwN5Dnp1iebs4DAwZ00HX1qRGqUa1JXWeziMfXCxjOegd9O1kqvp9p-K6rSgudFmGrZlShRfX-tgXVi4yFEL4VkxjhYzsg,10m,F46,Silvertown (1914),Silvertown
529878.998170182,180969.000662581,Soho (1922),Soho,Closed,1922,1982,"128 Shaftesbury Avenue, Soho, W1D",,,"51.5127267102754, -0.129739778365402",10m,,10m,,,Soho
529856.998278351,180942.999614776,Soho (1983),Soho,Open,1983,,"126 Shaftesbury Avenue, W1D 5ET",Soho (1922),A24,"51.5124981, -0.1300662",10m,https://lh3.googleusercontent.com/umsh/AK-S7uGKP8zdZnHnIfmEg2NevCiVO16j--NsHWVsUK8oI3QKkanIyiEi0IDkP4mQ4QJcPNQTcHLPbnu6JndFg4W_6IPp2D0Sota2sdc,10m,A24,Soho (1922),Soho
512902.995050277,180402.998998473,Southall (1965),Southall,Open,1965,,"17-19 High Street, UB1 3HA",,G24,"51.5112836, -0.3744438",10m,https://lh3.googleusercontent.com/umsh/AK-S7uHBHfLk2rz9PeuzAoeCkwEG8Tpnw9cRbO3Rlshaqehg0jiYma9z7Lkxq2Vw5KkCWvZkrsya7L-Mv_JZSSQJbycEvOWPCKkH5ytbWkM,10m,G24,,Southall
529703.999048258,194072.003775509,Southgate (1962),Southgate,Open,1962,,"96 High Street, N14 6BN",,A36,"51.6305178, -0.1274275",10m,https://lh3.googleusercontent.com/umsh/AK-S7uFFOsiINSMSCq0uEFOp51yz9Hs_iFngbTwgmcbOLqoYU38OijaO8FtBk42zNCrr86dQGR_v4x0-G3hZRKdT-ridlxGXR_JtUBt6KDq-TA,10m,A36,,Southgate
532092.12421357,179843.287950488,Southwark (1878),Southwark,Closed,1878,2014,"94 Southwark Bridge Road, SE1 0EG",,E33,"51.5020979, -0.098287",10m,https://lh3.googleusercontent.com/umsh/AK-S7uHvf6P-PZ8Ts2RIReOUOUDa7_vfh5_WxLnAI45g7ycxwl-PdQcguElTT28mGJa1RsepNGSJRSLrZdUQLody9qnOJYXWRftSopA08o5P,10m,E33,,Southwark
532084.000901323,179844.000502826,Southwark Bridge Road (1865),Southwark Bridge Road,Closed,<1865,1878,2 Southwark Bridge Road,,,"51.5021062, -0.0984037",500m,,500m,,,Southwark Bridge Road
526688.998169496,184132.000625983,St. John's Wood (1871),St. John's Wood,Closed,1871,1915,"222 Adelaide Road, Finchley Road NW",,,"51.5418757662148, -0.174548104849853",10m,,10m,,,St. John's Wood
517993.995629244,190796.996367336,Stanmore (1961),Stanmore,Open,1961,,"650 Honeypot Lane, HA7 1JS",,G22,"51.6036596, -0.2976314",10m,https://lh3.googleusercontent.com/umsh/AK-S7uHRijgK0Q0TwpQ1m6H4C3HkTmdRrx2sQNGe2TXug_SuoOQb7XjJs1EGbqpyg3uMWISoA2HYhZ4PpWWMAPH9a1y4LexIcePCiX3M2jY,10m,G22,,Stanmore
533616.00117496,186292.995880464,Stoke Newington (1867),Stoke Newington,Closed,1867,1884,98 High Street,,,"51.5596993, -0.0739003",10m,,10m,,,Stoke Newington
533654.995638418,186385.996518196,Stoke Newington (1885),Stoke Newington,Closed,1885,1973,"61 Leswin Road, Stoke Newington, N16",,,"51.5605258, -0.0733028",10m,https://lh3.googleusercontent.com/umsh/AK-S7uEBQfMbpjZaYYLbY8RwfdktgFZWLw8-xsviWr_Y-ix_gG6R3joRpsRV0TWOjOr0fvLpP51wrnoQnCN1DIUF0Iat0-T8iFEP5mdDxsUz3sBwcwtBqA,10m,,,Stoke Newington
533395.995527214,186590.000629744,Stoke Newington (1974),Stoke Newington,Open,1974,,"64 Stoke Newington Church Street, N16 0AP",,F32,"51.5624203, -0.0769595",10m,https://lh3.googleusercontent.com/umsh/AK-S7uFLKeeW1vCTxmv3cxd_AvZ44t7D2ozgUkOV-8597-9OtDWFxFk_GMD0EA-wlom4I1eGnLy9zflZBzI_6cA8NbcRu2UlxI76aav_ApTbloWfXYZmYamc,10m,F32,,Stoke Newington
539559.996080103,184674.998104129,Stratford (1964),Stratford,Open,1964,,"117 Romford Road, E15 4LY",,F21,"51.5437222, 0.0111485",10m,https://lh3.googleusercontent.com/umsh/AK-S7uH9DKLJIa_RLqTHpneZdVXDmSifTrrUdQQE0l29KCKKYBpp7iFYB3eYC8DwaoJvbI1muavRg4Y3ecyqE89hjoukwdreaaSaiFJ58QuPiA,10m,F21,,Stratford
529960.0,171613.004406677,Streatham (1903),Streatham,Closed,1903,1971,"8 Mitcham Lane, Streatham",,,"51.4286284, -0.1320106",10m,https://lh3.googleusercontent.com/umsh/AK-S7uHOSXCSdBIg5ON3GpZmT9_Z-q8LRMZCdJJu0Qx-ac-e3q4EX5mXHrmSo7nVkXAQF9T7DixK-AHqd22N-mpFi0lrYDCGMUKH_d7is1Vk,10m,,,Streatham
518509.997376862,167285.001699431,Surbiton (1931),Surbiton,Open,1931,,"31/33 Ewell Road Surbiton, KT6 6AF",,H39,"51.3922378, -0.2980735",10m,https://lh3.googleusercontent.com/umsh/AK-S7uGOdjmgVROogi6hmVE92V0jlmSeiGCVUAIGxLwq_F5iCXs7lQ41YyrdwJ8kO-IfNA1KroK74rT4aLPd3VMeyAladawnIu5EQCe0khE21yE,10m,H39,,Surbiton
524619.998352582,164846.995345103,Sutton (1962),Sutton,Open,1962,,"43 St Dunstans Hill, SM1 2JX",,H38,"51.3690191, -0.2111553",10m,https://lh3.googleusercontent.com/umsh/AK-S7uERxets8LwiicB2ly_ZxdfPjLtShHZS7yjvj7gEZBKMBm1Ioa1XfqqZERSbBSJOMokm9NdU_p8dGNH9RbpAPVlOaKQwXD3P2LSh5Q,10m,H38,,Sutton
533851.998175849,171144.000710236,Sydenham (1869),Sydenham,Closed,1869,1915,Crystal Palace Parade SE,,,"51.4235086224384, -0.0762375121993155",10m,,10m,,,Sydenham
531872.998180081,168111.000680606,Thornton Heath (1914),Thornton Heath,Closed,1914,1971,"Brigstock Rd, Thornton Heath CR7",,,"51.3967154923855, -0.105810830490122",10m,,10m,,,Thornton Heath
533267.298267104,180086.890125468,Tooley Street (1865),Tooley Street,Closed,<1865,1878,164-165 Tooley Street,,,"51.5040114, -0.081274",10m,,10m,,,Tooley Street
533262.001208708,180090.000613144,Tooley Street (1879),Tooley Street,Closed,1879,1928,165 Tooley Street SE,Tooley Street (1865),,"51.5040406, -0.0813491",10m,https://lh3.googleusercontent.com/umsh/AK-S7uFy4C9h7fNtLsp_5saohJrmmnr3mIbDVKD8o0DTHA7V1EqIsn9DkPoJGT9liuk3_y1t2dk69002mzAXibPHIRuzVth_Gnx-jpPW8XUN2g,10m,,Tooley Street (1865),Tooley Street
528066.998178998,172378.000635048,Tooting (1869),Tooting,Closed,1869,1906,"Balham Hill Road, Upper Tooting",,,"51.4359339259757, -0.158948467909453",10m,,10m,,,Tooting
527798.998873566,172578.003532186,Tooting (1907),Tooting,Open,1907,,"91 Trinity Road, SW17 7SQ",,H35,"51.4377918, -0.1627298",10m,https://lh3.googleusercontent.com/umsh/AK-S7uFIJpwmVyqAZFiHFNd-9gtKNm0_yX-QkIBfHfnCPEswJXsMk8tlgzVjnQawJdSTFruoJWPvtznHIsMiOskWi08bbtgPaNunXBS4gKJxhw,10m,H35,,Tooting
533679.99476752,189940.004943685,Tottenham (1966),Tottenham,Open,1966,,"49 St Loys Road, N17 6UE",,A33,"51.5924571, -0.071591",10m,https://lh3.googleusercontent.com/umsh/AK-S7uFKjFgHQUJ_dr2zmkNEuT0HiZwexKqq0y57vC_ASUSnMAFt4LrRumY4_kthbc-qfeCXh8C6ECEhe6TQjxqeonSYeoyZCzKzHoL5IqNLow,10m,A33,,Tottenham
514954.996444823,171980.0,Twickenham (1959),Twickenham,Open,1959,,"30 South Road, TW2 5NT",,H43,"51.4351664, -0.3476248",10m,https://lh3.googleusercontent.com/umsh/AK-S7uE8AaGXYGARl2SbrYP-uCD7UQXvwGkNwy1BK7NQE8xz0Lx3E8Hj2w2Wj8EZhBrYlbzVSqz85N38h2iDY2AoQkjgSJ83ZM92OiRksvPmzyM,10m,H43,,Twickenham
530411.996297142,178185.995095149,Vauxhall (1903),Vauxhall,Closed,1903,1937,Albert Embankment SE,,,"51.4875942, -0.1230911",10m,https://lh3.googleusercontent.com/umsh/AK-S7uEjfhSBZ8xa4ignNPSxP299l5-bUXGO55_Cc3F8J1SNhq3QSqy49qkX5XrH1jXTtHKvktW48rB7cf9fMwlGdfxj6McXUfKhPOfcdc3t,10m,,,Vauxhall
529016.999828415,164214.998867085,Wallington (1938),Wallington,Open,1938,,"19 Belmont Road, SM6 8TE",,H37,"51.3623584, -0.148254",10m,https://lh3.googleusercontent.com/umsh/AK-S7uG85Ten8EnHWlV-2lEe0GrkZT5XuKqKXsXpjtKkeCWjSJyanUR-G5phyuSNzeGl7JDDNvn8vDCX6OQKAoJQlJiSR1pTSW_OfoIA2aEmyX4,10m,H37,,Wallington
536660.470502852,189716.292459627,Walthamstow (1923),Walthamstow,Closed,1923,2011,"343 Forest Road, E17 5JR",,F36,"51.5897324, -0.028679",10m,https://lh3.googleusercontent.com/umsh/AK-S7uG_ckP-vLakWlFhY_fytvH2KoL-GfKmy4gLMVLqolvIc90KsVKeZeFAuUqRtUGA-RO6ftj3vpWCqvdmoH5Twqc17RL6XLghk5tALymYDM2b,10m,F36,,Walthamstow
536653.996124246,189715.005028292,Walthamstow (2012),Walthamstow,Open,2012,,"343 Forest Road, E17 5JR",Walthamstow (1923),F36,"51.5897224, -0.0287729",10m,https://lh3.googleusercontent.com/umsh/AK-S7uHh3PiAUKrIL7HyV5Q0zSAWnVHqQQ8LpoQohiWB4MWoDyD1kaUblz_OdRoH4VJeLRVlRSkNp7FZCOTK1Qa7irWgzvFF24tiErvabBNPayX5KA,10m,F36,Walthamstow (1923),Walthamstow
525055.998178891,174602.000602393,Wandsworth (1868),Wandsworth,Closed,1868,1891,123 High Street,,,"51.456593274785, -0.201457989532803",10m,,10m,,,Wandsworth
525061.063189394,174592.73654525,Wandsworth (1892),Wandsworth,Closed,1892,1955,"45 West Hill Wandsworth, SW18",,,"51.4565089, -0.2013884",10m,https://lh3.googleusercontent.com/umsh/AK-S7uEc7khe6qBBr6bV93GgOPm6wBE2oiXludT4WLjrOFGhP0vwQq47850th4boVX4VGit7CWG_0enN6g-cgtpZMJMMlibFg-P9IhgX107ghqt6UA,10m,,,Wandsworth
525053.997795987,174591.995566271,Wandsworth (1956),Wandsworth,Open,1956,,"45 West Hill Wandsworth, SW18 1RL",Wandsworth (1892),H33,"51.4565038, -0.2014903",10m,https://lh3.googleusercontent.com/umsh/AK-S7uH2w7HynghMoOqCkC2uMJbwY_f8ihbn9WyoMgSYckZwePq04eA6xcMZi5aAVfxNTq4JAfG2fwNuIssHGu43frZBY72qeuem-_AA5OXTt0Ke,10m,H33,Wandsworth (1892),Wandsworth
534748.34005636,180251.679504756,Wapping (1905),Wapping,Closed,1905,1920,"Red Lion Street, Wapping E",,,"51.5051414, -0.0598853",10m,https://lh3.googleusercontent.com/umsh/AK-S7uGpwioArSTUvPEhJnTv-4rMq5OpfxYThs8pTzMagV2DaCtXcmUQvECOWPIqsWO5gRQmy0MCMdSfXlyECyXbu3jwsH4DlEcKQZGxKyg,10m,,,Wapping
531226.995102077,179875.999336642,Waterloo Road (1865),Waterloo Road,Closed,<1865,1909,142 Waterloo Road SE,,,"51.5025932, -0.1107318",10m,https://lh3.googleusercontent.com/umsh/AK-S7uFEOM_Xtjvk-BeqeJabOvlYD4eHER8QiSsHOYPOuMzEc39M95jB3B8Wn1pvpeI0MtOplFqYZrc4lP74fsRTQM1bUILi2S4a8vmA_QEf,10m,,,Waterloo Road
531230.109617476,179878.027080791,Waterloo Road (1910),Waterloo Road,Closed,1910,1937,142 Waterloo Road SE,Waterloo Road (<1865),,"51.5026107, -0.1106862",10m,,10m,,Waterloo Road (,Waterloo Road
532420.99816822,181060.000696489,Watling Street (1865),Watling Street,Closed,<1865,1907,"66-69 Watling Street, City",,,"51.5129549686754, -0.0930951305814884",10m,,10m,,,Watling Street
534300.998166909,180829.000723345,Wellclose Square (1865),Wellclose Square,Closed,<1865,1875,"20-21 Wellclose Square, St. George's-in-the-East",,,"51.5104357828495, -0.0661071530832639",10m,,10m,,,Wellclose Square
529371.998170239,181304.000656385,Wells Street (1865),Wells Street,Closed,<1865,1868,"76 Wells Street, Oxford Street",,,"51.5158534609078, -0.136919030478485",500m,,500m,,,Wells Street
517685.001426364,185010.995479986,Wembley (1939),Wembley,Open,1939,,"591a Harrow Road, HA0 2EG",,G30,"51.5517231, -0.3040278",10m,https://lh3.googleusercontent.com/umsh/AK-S7uGKBUyaLysMTZVcuW0z6z8Vc672SadXAya866tuJebI6YjIkyWcnzgY7ih05g_Wv6bD1OSNxSzPvgpeJ-Wi-5yFcFx6_IHSS60fpmk,10m,G30,,Wembley
554197.00038403,180915.005925724,Wennington (1962),Wennington,Open,1962,,"Wennington Road, RM13 9EE",,F40,"51.5061342, 0.2204164",10m,https://lh3.googleusercontent.com/umsh/AK-S7uGJmkwRE7YqmOr2YBKUcnIo3TPlHficPx8HnIbdqpC4MLjQOnE36ark3uv8-4YqF6iXbjSkRjtVq0OCyDsFnwIOGQppmMP5PSjjgfdGYLY,10m,F40,,Wennington
525395.000541098,185192.001169667,West Hampstead (1901),West Hampstead,Open,1901,,"325 West End Lane, NW6 1RR",,A41,"51.5516906, -0.19282",10m,https://lh3.googleusercontent.com/umsh/AK-S7uHJzN4I3Y9nFfS9AWNlhONbgs2s-2xWen2sQaBIcPWy1z98Xzlpy0qfW4dXbHAgAqxIW2IWALFD3KcT7N0oavJpVG0Z20aMo3o0a55oyjzBaPmY,10m,A41,,West Hampstead
531965.001239193,172038.004594421,West Norwood (1882),West Norwood,Closed,1882,1914,High Street SE,,,"51.4319848, -0.1030288",10m,https://lh3.googleusercontent.com/umsh/AK-S7uETWhCnMugbXeSiVPCvgx5yWH3yWmZ2FhCWZvpj6uLcwbhbHR6XfEhCEWRzptX5KzF_3slew_xHRU69AR22fZX3w5LI6b6o5jhHiroPOaO-oA,10m,,,West Norwood
531815.998188232,172606.998905724,West Norwood (1915),West Norwood,Closed,1915,2013,"445 Norwood Road, SE27 9DG",,H25,"51.4371328, -0.1049594",10m,https://lh3.googleusercontent.com/umsh/AK-S7uErHZD2JS46C6M3IfzL3_i5bbJQtKJ1B8kWagt5ovSVPCNmHGyzkCXG8rcZytddtiX1ibynMdOCIwNg_jimpvBchns5TPCpUg3LeWinBa3XGaJ2,10m,H25,,West Norwood
531840.609639973,171369.05353239,West Norwood (2014),West Norwood,Open,2014,,"210 Knights Hill, London, SE27 0QA",,H25,"51.4260021, -0.1050659",10m,https://lh3.googleusercontent.com/umsh/AK-S7uEDPI7eI576DMoF3XHm3I9ctRsfWpy-PbGfnherAVJGtGRrR9-6j_b8iL9x6DVqwuxhkK033_owdxevYeWaGMP2mML4KjGrYy-4YBLz5vc2Piin,10m,H25,,West Norwood
538562.998176272,165910.000780306,West Wickham (1939),West Wickham,Closed,1939,1967,"7 Glebe Way, West Wickham, BR4",,,"51.3753438388624, -0.010565799990771",10m,,10m,,,West Wickham
529398.998172114,179163.000655402,Westminster (1867),Westminster,Closed,1867,1905,"Tothill Fields, Westminster",,,"51.4966067641477, -0.137314959952335",10m,,10m,,,Westminster
529612.998645764,179157.004474298,Westminster (1906),Westminster,Closed,1906,2014,"4 Greycoat Place, SW1P 1SB",,A25,"51.4965039, -0.1342361",10m,https://lh3.googleusercontent.com/umsh/AK-S7uGOoyrqawsg4dlIzmUhwNUwqwc-l5X8-LT2WscMALzRdHgywvEs0zzn8-uAhciB5i4lYEQ-gHrMSrWO25OknjkRTg8oBBeSIVI8BhjwRpQO,10m,A25,,Westminster
534058.868058285,181354.450809253,Whitechapel (1875),Whitechapel,Closed,1875,1929,"27 Commercial Road, E1 1LD",,,"51.5152151, -0.0693945",10m,https://lh3.googleusercontent.com/umsh/AK-S7uF7Y6_1QBfvIrjV1GHJs92lB8QVCfsXnidv1iFRCKnz4PzKD4_X0BgSguhYJ7e0l3raKdGO2ygmer1qkqN2_q7ygBHO_DhpDEastx9jYjCLwFY,10m,,,Whitechapel
534053.996253451,181351.996529192,Whitechapel (1930),Whitechapel,Open,1930,,"27 Commercial Road, E1 1LD",Whitechapel (1875),F33,"51.5151942, -0.0694656",10m,https://lh3.googleusercontent.com/umsh/AK-S7uHfnMLm_DVzRmEM6QIV0y0ZZ8Y0rA03Wmj09rXunWX78r3iUJbqYQHeZcztdmOw1wBtjSwLZfHeYT-cQlZRjKETt8af4JMKYNDGbzd9yCCLrA,10m,F33,Whitechapel (1875),Whitechapel
532450.998167424,181932.000697483,Whitecross Street (1865),Whitecross Street,Closed,<1865,1873,64 Whitecross Street EC,,,"51.5207841285656, -0.0923356701151423",10m,,10m,,,Whitecross Street
532450.230935738,181925.668013649,Whitecross Street (1874),Whitecross Street,Closed,1874,1901,64 Whitecross Street EC,Whitecross Street (<1865),,"51.5207274, -0.0923491",10m,,10m,,Whitecross Street (,Whitecross Street
531473.996257522,180881.997987956,Whitefriars (1887),Whitefriars,Closed,1887,1964,"Carmelite Street, Victoria Embankment EC",,,"51.5115763, -0.1068005",10m,,10m,,,Whitefriars
522376.000107687,184301.999505461,Willesden (1934),Willesden,Open,1934,,"59a Pound Lane, NW10 2HH",,G28,"51.5443543, -0.2366499",10m,https://lh3.googleusercontent.com/umsh/AK-S7uFuHdg7ndtFRJUDnCfefdAphe2BTl542KUxjeBOtaFAUsabT78rotUMbYtRvLNweMizCwcWEzGsC0REMSWA0JSfNwKc6axk-3GHKWFO,10m,G28,,Willesden
524976.998182388,170684.00059933,Wimbledon (1904),Wimbledon,Closed,1904,1987,"10 Queens Road, Wimbledon, SW19",,H34,"51.4213991133111, -0.203976180235423",10m,,10m,H34,,Wimbledon
525436.996006777,170042.004952311,Wimbledon (1988),Wimbledon,Open,1988,,"87 Kingston Road, SW19 1JN",,H34,"51.4155279, -0.197591",10m,https://lh3.googleusercontent.com/umsh/AK-S7uHYKuWyr629Nw7UsD4XDrzKDCRsnl211qaBv8ZpNrqvUWDaOx-KKnVY6IGaGLY97wYMPJ78Ae64kE8gMLV1fcIFagQOCq6k3W4h_iJK,10m,H34,,Wimbledon
540255.731756417,191997.74764456,Woodford (1900),Woodford,Closed,1900,1991,"2 Snakes Lane, IG8 0BS",,F35,"51.6093502, 0.0240962",10m,,10m,F35,,Woodford
540250.001198642,192000.003882117,Woodford (1992),Woodford,Open,1992,,"2 Snakes Lane, IG8 0BS",Woodford (1900),F35,"51.6093719, 0.0240144",10m,https://lh3.googleusercontent.com/umsh/AK-S7uGA2YTUrG7L61QQ9c_Xi_5DVuHos39pC0aFX9XcsXF80fWSgHCVp8Xb5D-DV22e9p5chedDwhJDc0W1A7k1WUo0fM5pKP24YdTRtS997eQ,10m,F35,Woodford (1900),Woodford
534949.997673016,166974.005138602,Woodside (1932),Woodside,Open,1932,,"2 Long Lane Addiscombe Road Croydon, CR0 7AL",,H28,"51.385775, -0.0620399",10m,https://lh3.googleusercontent.com/umsh/AK-S7uGKdX7FCaxdTm5PmCFtUSHzgOBx4-2hYHcdxRFadyRRoz-ynJFEO-NSW_hCFzjftTmf4ytUxdNfn43bgyhbqD9YwaeGPj1ST0DrWZiZ,10m,H28,,Woodside
542938.999645447,178999.003935176,Woolwich (1887),Woolwich,Closed,1887,2014,"24 Sunbury Street Woolwich, SE18 5LU",,E24,"51.4918749, 0.0575424",10m,https://lh3.googleusercontent.com/umsh/AK-S7uEBcwYmcULCBFvzGk8GSrc3bjSEi627WrOzofMBV3xyZwwXsuA9JiIDRHicIu3JqoI0cpPL9KizZOHdX2necwhQzX_9ge7xyqM3U7Dt,10m,E24,,Woolwich
